2025-11-02 21:00:22|https://weekend.sightx.top/|ä¸€å—é’±å‘¨æœ«æŒ‘æˆ˜ï½œ48 å°æ—¶æŒ‘æˆ˜ Â· å…ˆèµšåˆ°ç¬¬ä¸€å—é’±,,,
,,,
,,,
,,,
,,,
2025-11-02 21:03:49|https://glmadmin-edvfcsvj.manus.space/|GLM APIç®¡ç†åå°,,,
2025-11-02 21:12:31|https://www.google.com/search?client=safari&rls=en&q=API%E4%B8%AD%E8%BD%AC%E7%BD%91%E7%AB%99&ie=UTF-8&oe=UTF-8|APIä¸­è½¬ç½‘ç«™ - Google Search,,,
,,,
,,,
,,,
2025-11-02 21:12:40|https://dmxapi.com/|å¤§æ¨¡å‹APIå°±ç”¨DMXAPI,èšé›†å…¨çƒ100ä¸ªä¸»æµå¤§æ¨¡å‹APIèšåˆ,Openai API ä»£ç†æ‰“æŠ˜,
2025-11-02 21:13:28|https://www.dmxapi.cn/pricing|,,,
2025-11-02 21:13:29|https://www.dmxapi.cn/pricing|DMXAPIå®˜ç½‘ï¼šä¸­å›½å¤šæ¨¡æ€å¤§æ¨¡å‹APIèšåˆå¹³å°,,,
2025-11-02 21:14:13|http://nano.1rmbweekend.top/|,,,
,,,
,,,
,,,
2025-11-02 21:14:32|https://photorestor-bpecqso2.manus.space/|æ—¶å…‰ä¿®å¤ - è€ç…§ç‰‡ä¿®å¤,,,
,,,
,,,
,,,
,,,
,,,
2025-11-02 21:16:39|https://x.com/search?q=API%20%E4%B8%AD%E8%BD%AC&src=typed_query|API ä¸­è½¬ - Search / X,,,
2025-11-02 21:16:59|https://x.com/tuihou123321/status/1969949607988990090/photo/1|API ä¸­è½¬ - Search / X,,,
,,,
,,,
,,,
,,,
2025-11-02 21:20:38|https://x.com/as_ang|gagua ai (@as_ang) / X,,,
,,,
2025-11-02 21:21:15|https://v6elcony6tr36.ok.kimi.link/courses.html|ç²¾å“è¯¾ç¨‹ - 3Då»ºæ¨¡å­¦é™¢,,,
2025-11-02 21:21:19|https://v6elcony6tr36.ok.kimi.link/tools.html|å®ç”¨å·¥å…· - 3Då»ºæ¨¡å­¦é™¢,,,
2025-11-02 21:21:20|https://v6elcony6tr36.ok.kimi.link/community.html|å­¦ä¹ ç¤¾åŒº - 3Då»ºæ¨¡å­¦é™¢,,,
2025-11-02 21:22:06|http://www.wowhaleai.com/|é²¸å¥‡ç§‘åˆ›STEAM - åŸ¹å…»AIæ—¶ä»£å…·æœ‰è‡ªä¸»å­¦ä¹ èƒ½åŠ›çš„ç§‘åˆ›å°‘å¹´,,,
2025-11-02 21:22:45|http://www.wowhaleai.com/register-phone.html|æ‰‹æœºæ³¨å†Œ - é²¸é±¼AIå­¦é™¢,,,
2025-11-02 21:24:08|http://www.wowhaleai.com/arena.html|ç§‘åˆ›ç«æŠ€åœº - é²¸å¥‡ç§‘åˆ›STEAM,,,
2025-11-02 21:24:12|http://www.wowhaleai.com/community.html|ç¤¾åŒºä½œå“ - é²¸å¥‡ç§‘åˆ›STEAM,,,
,,,
,,,
,,,
,,,
,,,
2025-11-02 21:28:07|https://fitaiapp-g6e9ikkt.manus.space/transform?from=plan|FitAI - æ™ºèƒ½å¥èº«åŠ©æ‰‹,,,
2025-11-02 21:29:59|file:///Users/xiongshuhong/%E9%A1%B9%E7%9B%AE/%E6%B2%B9%E7%AE%A1%E8%A7%86%E9%A2%91%E7%89%87%E6%AE%B5%E4%B8%8B%E8%BD%BD%E5%B7%A5%E5%85%B7/ytcutter_local.html|æœ¬åœ° YT Cutter,,,
,,,
,,,
2025-11-02 21:30:39|https://www.youtube.com/watch?v=_A2GvI14cbg|ã€æ–°å¤–æŒ‚ã€‘æ‹‰å¼€å·®è·çš„AIå­¦ä¹ æ³• | é€šä¹‰AIæ•™ç¨‹ - YouTube,,,
2025-11-02 21:38:58|https://www.google.com/search?client=safari&rls=en&q=video-edit-mcp&ie=UTF-8&oe=UTF-8|video-edit-mcp - Google Search,,,
,,,
,,,
,,,
2025-11-02 21:39:03|https://github.com/burningion/video-editing-mcp|burningion/video-editing-mcp: MCP Interface for Video Jungle,,,
2025-11-02 21:39:04|https://github.com/burningion/video-editing-mcp|burnion/video-editing-mcpï¼šVideo Jungle çš„ MCP æ¥å£ --- burningion/video-editing-mcp: MCP Interface for Video Jungle,,,
2025-11-02 21:39:48|https://www.google.com/search?client=safari&rls=en&q=pr+mcp&ie=UTF-8&oe=UTF-8|pr mcp - Google Search,,,
,,,
,,,
,,,
,,,
2025-11-02 21:41:01|https://www.google.com/search?q=%E6%8C%89%E8%84%9A%E6%9C%AC%E7%94%9F%E6%88%90%E8%A7%86%E9%A2%91+AI&client=safari&sca_esv=4a5c3741dee32086&rls=en&sxsrf=AE3TifNeoQVvJaYGRml89-HDYn_2uFFQnw%3A1762090788727&ei=JF8HaeODLKChw8cPtp2S-A0&ved=0ahUKEwjjpZjcy9OQAxWg0PACHbaOBN8Q4dUDCBE&uact=5&oq=%E6%8C%89%E8%84%9A%E6%9C%AC%E7%94%9F%E6%88%90%E8%A7%86%E9%A2%91+AI&gs_lp=Egxnd3Mtd2l6LXNlcnAiGOaMieiEmuacrOeUn-aIkOinhumikSBBSTIIEAAYgAQYogQyCBAAGIAEGKIEMggQABiABBiiBEinXFDpCFiaWnAPeAGQAQKYAagDoAGpMqoBCjAuMS4wLjE2LjK4AQPIAQD4AQGYAh-gAqMsqAIRwgIKEAAYsAMY1gQYR8ICBBAjGCfCAgoQIxiABBgnGIoFwgILEAAYgAQYkQIYigXCAgsQLhiABBixAxiDAcICERAuGIAEGLEDGNEDGIMBGMcBwgIIEAAYgAQYsQPCAggQLhiABBixA8ICCxAuGIAEGJECGIoFwgILEAAYgAQYsQMYgwHCAg4QLhiABBjHARiOBRivAcICDhAAGIAEGLEDGIMBGIoFwgIaEC4YgAQYkQIYigUYlwUY3AQY3gQY4ATYAQHCAgcQIxgnGOoCwgIUEAAYgAQYkQIYtAIYigUY6gLYAQHCAhAQABgDGLQCGOoCGI8B2AEBwgIFEAAYgATCAgcQABiABBgMwgIFEAAY7wXCAggQABiiBBiJBZgDCPEFj037YSI2rMqIBgGQBgi6BgYIARABGBSSBwsxNS4xLjAuMTIuM6AH4kqyBwowLjEuMC4xMi4zuAejK8IHDTIuMTMuMTEuMC40LjHIB-EB&sclient=gws-wiz-serp|æŒ‰è„šæœ¬ç”Ÿæˆè§†é¢‘ AI - Google Search,,,
2025-11-02 21:41:04|https://www.flexclip.com/cn/tools/script-to-video/|AIè„šæœ¬è§†é¢‘ç”Ÿæˆå™¨ - åœ¨çº¿å°†è„šæœ¬è½¬ä¸ºè§†é¢‘ | FlexClip,,,
,,,
2025-11-02 21:41:25|https://www.flexclip.com/cn/ai/text-to-full-video/|AI Text to Full Video,,,
2025-11-02 21:41:25|https://www.flexclip.com/cn/ai/text-to-full-video/|AIæ–‡å­—ç”Ÿæˆå®Œæ•´è§†é¢‘ | FlexClip,,,
2025-11-02 21:42:32|https://www.flexclip.com/oauth/authorize?jump_type=google|,,,
,,,
2025-11-02 21:42:32|https://accounts.google.com/v3/signin/accountchooser?access_type=offline&client_id=896504413105-kcqslt55hlh0m5lrbrsli57n5meeqhfp.apps.googleusercontent.com&prompt=consent&redirect_uri=https%3A%2F%2Fwww.flexclip.com%2Foauth%2Fauthorize&response_type=code&scope=https%3A%2F%2Fwww.googleapis.com%2Fauth%2Fuserinfo.email+https%3A%2F%2Fwww.googleapis.com%2Fauth%2Fuserinfo.profile&state=google_1820795597&dsh=S-1557019878%3A1762090951788919&o2v=2&service=lso&flowName=GeneralOAuthFlow&opparams=%253F&continue=https%3A%2F%2Faccounts.google.com%2Fsignin%2Foauth%2Fconsent%3Fauthuser%3Dunknown%26part%3DAJi8hAOYBAKbG1M_mRGzwlV6kmuAlo6zs6tSUBrrkUV2u45Nx5zdrgKXngz9SD6U2jWkLpdHGdRQO902WnSA2NHbXq8CuABwTavidAeJsdjhmctxrCV3Hs7L2UrlhK7OdjI6_w0QYy0HUwUyXn89alBRzwpvk0tTDaDAZAcYi2g31w_qmd33AyXsE7Xp5BFEcD8RB2gcug3znxZZxo6m_KCnnLS2jgrUCcAhZGtE1DDw8oXR2-4QUyNLaWzAm56K2h0bkkAVNkkUSjaZYbH4jeBebIdbRoTf_JxAIfp_F-xirYm8cXctlAt8QY6pBrje4pQpbK_FcPZtmL2G-uQclHXp1YJt9MmL5ndj5-A8oWHk-uC_vcfuEB6b1Mt9wQHsZXknRcbA4BAGrc8p14LPdORDmU6XswqMag7t1o6az9My-TrkMO6Gxy7w2egkj5r2vfSnZ5Y2VUCN1oOjzcoDb37UXjtfx1x4PQ%26flowName%3DGeneralOAuthFlow%26as%3DS-1557019878%253A1762090951788919%26client_id%3D896504413105-kcqslt55hlh0m5lrbrsli57n5meeqhfp.apps.googleusercontent.com%23&app_domain=https%3A%2F%2Fwww.flexclip.com|Sign in - Google Accounts,,,
,,,
2025-11-02 21:42:37|https://accounts.google.com/signin/oauth/id?authuser=0&part=AJi8hAMCrTCtWve9cXLks9co7aVAhoUrshyYVHM8wclEvhKsZwAhzoz6HcEYZkdsqJWIM4A943eJqogB9J-BYBINA13cz-yhuEuZhAWepvyMhUdYylSTkUZYCJaZ1b4wrraXQk0QUgY-d_uok8JR_vl9DCXHoWbXsY0x6iylPMI6R8iD-2j_k9wmrVr0VsUxJ59h7BPYM67AjFHG_V7H5iCy8V38Jx2TC9VPOHGrQcLpP8Xcrtd4pbMLVnxUXmtSw9-DRx6lPpZU2MlIA_vDdzZDL2YxwBQrNdxCOxOhdx9TiFtHmKUOI707uWHOr2y0kC3dHxXpkzQw931Awg_o2Wq8b8YKI-YuCSrHzmP3vOauZLn1HiYZz3sqO0tWsBgutagIJMzX_uak_AlXqDmxZcbM0UNHgDmgd9mqHNU9T9tGJMEGz1xnBhbkhElzS0VGrP7Ws2Pky1SOlf6lhzbgB11U3XfFbJYXmn_yOBsW85bPCnDdwTMWgUe6zd7Cxh3rJXxRS7UhmPpCy9uAG9nJT2Hfv4ACujznmp7CayYsKB1tYpoFr2cFZjp4AYDfaSV_ozo6tIs7RrYE4ibPrtKT-dHLqzWoll8ceemoj3lQ8YTLu3HRa-FkRd2DAJGGxpz6FfoMWPXm7GWAi4W2ooLq5QjMu3ffBJRdE824ODxVdcz7Rf64HhhNe-USQyAZi6BuDnBlImC0U1-O2fVhGXb1vSM-8tnkm_mzx6QC3Juiv-n4iGfJEbtTUd8XXvNAhltP4nphX0RO3M9ATjDcOM0BjzBey1mdL4NI-9JF0qqy6jku4PoS_O2s-kh17xswPUOhYd6AHQj_Z2WIjG-_D1hjpG_ROd578_MGTA&flowName=GeneralOAuthFlow&as=S-1557019878%3A1762090951788919&client_id=896504413105-kcqslt55hlh0m5lrbrsli57n5meeqhfp.apps.googleusercontent.com&rapt=AEjHL4MK3S91nOz-iS_io7d9u8-2bWi3aTsmHmwnyO_klKtL3clghwg5OT9apuEDTGWzxgEPpnfXDIWA1GsXy9Bdi-UDXHjpLxmvhq-I7b0WxJxx_zXbqUI#|Sign in - Google Accounts,,,
,,,
2025-11-02 21:42:47|https://accounts.google.com/signin/oauth/consent?as=S-1557019878%3A1762090951788919&authuser=0&client_id=896504413105-kcqslt55hlh0m5lrbrsli57n5meeqhfp.apps.googleusercontent.com&flowName=GeneralOAuthFlow&part=AJi8hAMBtdsjMrT25EF7i-cXp9_By9_M65tIQp_5BG50BjFZtEmYAj7rB8pg9qOlehpymevFRofJSUjI9v0jho2wPgt1yATqumjZSGB77nyYjRoWb7TL11XLTuEWmSPqtw2mSk12OOYPR1MDWXA9Jiv2zrlLVWMwtLi4EdIJYQ_MYJlPQA_YKCZAyONimD8rPbt2uXewHkWYPV0KW9IOtDwy9NNNhzpeSY-JAAYdb4GJXWclLGOK8HTQ0x-hIaecF4wqu_fnnZxDPF63vgVWpyEWoTVwRqU7MO_0Yo3pdDUQMs0RkZG7_B-Tc_kKVaxUYUVapclPSZpNxijBTPZKAgjWLFb1fIfDNZhSu7p3ae-hkcIy0p8eeoFJ9vt0_32yxblnJdh3CdFrBNMsG7CSYPKtugpBUhAJnr2zNxvP4cnAyeJyZZ3wnsykBABdG8BRTFyn3kYNk6UEFteyDhjRsK6eGVzbbg1TtyoGOnvx9l5_4Xbyqb0wNvCg8ACdAq61a_pIMPDidicNCNKpM1cvpUh3pf7L3mtvonIZOYtlrM2-oe8j5PYdLWU11jNv-nspSmVfiMNbb4fv_LNjiB2EBaunOTB6JAm3Wuux27jajaPqQ13k3MCMrNcVINeEq4QZQm-lrX2oTqzDVgfud74RyzSsDjA94riCsu_vxw9uxKZ2H7TSMmosOE6WtcvvY5Wr7qZqNjVG2JtWbxUV1h7WpMkR86s01_WJEpNtKIaJTAmmS-TxlM5axvpg-5cU7CXHfc9FRnEJPdDDw8VpcBAT5hPC0WHWRMuIExtwSwD3rxBRlWbLFEDS_I6aoQs6imWUbnoOlGKTEBCBm6Qlovic8bL8szVYOn7CQA&rapt=AEjHL4MK3S91nOz-iS_io7d9u8-2bWi3aTsmHmwnyO_klKtL3clghwg5OT9apuEDTGWzxgEPpnfXDIWA1GsXy9Bdi-UDXHjpLxmvhq-I7b0WxJxx_zXbqUI&xsrf=AHxBXvL9SU5WEJgeqPYFdTCleUuW%3A1762090956886|,,,
2025-11-02 21:42:47|https://www.flexclip.com/cn/?option=com_fj_users&lang=en-gb&view=authorize&api_token=9489a567afcec3e7&state=google_1820795597&code=4%2F0Ab32j92GsusZH1R_8iFU51ByHSEYUJGSOWJlsqpzWzkoNB8B2HlhSw_r16KM4FRXejFuxw&scope=email+profile+https%3A%2F%2Fwww.googleapis.com%2Fauth%2Fuserinfo.profile+https%3A%2F%2Fwww.googleapis.com%2Fauth%2Fuserinfo.email+openid&authuser=0&prompt=consent|,,,
,,,
,,,
,,,
,,,
2025-11-02 21:45:00|https://www.flexclip.com/cn/tools/script-to-video/|AIè„šæœ¬è§†é¢‘ç”Ÿæˆå™¨ - åœ¨çº¿å°†è„šæœ¬è½¬ä¸ºè§†é¢‘ | FlexClip,,,
,,,
2025-11-02 21:45:13|https://www.google.com/search?q=%E6%8C%89%E8%84%9A%E6%9C%AC%E7%94%9F%E6%88%90%E8%A7%86%E9%A2%91+AI&client=safari&sca_esv=4a5c3741dee32086&rls=en&sxsrf=AE3TifNeoQVvJaYGRml89-HDYn_2uFFQnw%3A1762090788727&ei=JF8HaeODLKChw8cPtp2S-A0&ved=0ahUKEwjjpZjcy9OQAxWg0PACHbaOBN8Q4dUDCBE&uact=5&oq=%E6%8C%89%E8%84%9A%E6%9C%AC%E7%94%9F%E6%88%90%E8%A7%86%E9%A2%91+AI&gs_lp=Egxnd3Mtd2l6LXNlcnAiGOaMieiEmuacrOeUn-aIkOinhumikSBBSTIIEAAYgAQYogQyCBAAGIAEGKIEMggQABiABBiiBEinXFDpCFiaWnAPeAGQAQKYAagDoAGpMqoBCjAuMS4wLjE2LjK4AQPIAQD4AQGYAh-gAqMsqAIRwgIKEAAYsAMY1gQYR8ICBBAjGCfCAgoQIxiABBgnGIoFwgILEAAYgAQYkQIYigXCAgsQLhiABBixAxiDAcICERAuGIAEGLEDGNEDGIMBGMcBwgIIEAAYgAQYsQPCAggQLhiABBixA8ICCxAuGIAEGJECGIoFwgILEAAYgAQYsQMYgwHCAg4QLhiABBjHARiOBRivAcICDhAAGIAEGLEDGIMBGIoFwgIaEC4YgAQYkQIYigUYlwUY3AQY3gQY4ATYAQHCAgcQIxgnGOoCwgIUEAAYgAQYkQIYtAIYigUY6gLYAQHCAhAQABgDGLQCGOoCGI8B2AEBwgIFEAAYgATCAgcQABiABBgMwgIFEAAY7wXCAggQABiiBBiJBZgDCPEFj037YSI2rMqIBgGQBgi6BgYIARABGBSSBwsxNS4xLjAuMTIuM6AH4kqyBwowLjEuMC4xMi4zuAejK8IHDTIuMTMuMTEuMC40LjHIB-EB&sclient=gws-wiz-serp|æŒ‰è„šæœ¬ç”Ÿæˆè§†é¢‘ AI - Google Search,,,
,,,
2025-11-02 21:45:27|https://www.capcut.com/zh-tw/tools/script-to-video-maker|è¦–é »è£½ä½œè…³æœ¬|ä½¿ç”¨AIç”Ÿæˆçš„è…³æœ¬å‰µå»ºè¦–é »,,,
,,,
,,,
2025-11-02 21:47:28|https://www.google.com/search?client=safari&rls=en&q=ALPai&ie=UTF-8&oe=UTF-8|ALPai - Google Search,,,
2025-11-02 21:47:32|https://alpai.com/|Alpai - äººå·¥æ™ºèƒ½åˆ›æ–°å®éªŒå®¤ --- Alpai - AI Innovation Lab,,,
2025-11-02 21:52:09|http://www.wowhaleai.com/|,,,
2025-11-02 21:53:57|http://www.wowhaleai.com/courses.html|è¯¾ç¨‹ä½“ç³» - é²¸å¥‡ç§‘åˆ›STEAM,,,
2025-11-02 21:54:27|http://www.wowhaleai.com/community.html|ç¤¾åŒºä½œå“ - é²¸å¥‡ç§‘åˆ›STEAM,,,
2025-11-02 21:55:17|http://www.wowhaleai.com/profile.html|ä¸ªäººä¸­å¿ƒ - é²¸å¥‡ç§‘åˆ›STEAM,,,
2025-11-02 21:55:27|http://www.wowhaleai.com/index.html|é²¸å¥‡ç§‘åˆ›STEAM - åŸ¹å…»AIæ—¶ä»£å…·æœ‰è‡ªä¸»å­¦ä¹ èƒ½åŠ›çš„ç§‘åˆ›å°‘å¹´,,,
2025-11-02 21:56:05|http://www.wowhaleai.com/register-phone.html|æ‰‹æœºæ³¨å†Œ - é²¸é±¼AIå­¦é™¢,,,
2025-11-02 21:56:30|http://www.wowhaleai.com/profile.html|ä¸ªäººä¸­å¿ƒ - é²¸å¥‡ç§‘åˆ›STEAM,,,
2025-11-02 21:57:30|http://www.wowhaleai.com/courses.html|è¯¾ç¨‹ä½“ç³» - é²¸å¥‡ç§‘åˆ›STEAM,,,
,,,
,,,
,,,
,,,
,,,
,,,
,,,
,,,
,,,
2025-11-02 21:58:51|https://www.xiaohongshu.com/user/profile/61be0a170000000010008749?channel_type=web_search_result_notes&parent_page_channel_type=web_profile_board&xsec_token=AB1-OzxemF4Lc29SxpfRXBj9uT11QTtKnxs9XllG0xVQ8=&xsec_source=pc_search|é²¸å¥‡åˆ›æƒ³å®¶STEAM - å°çº¢ä¹¦,,,
2025-11-02 21:58:51|https://www.xiaohongshu.com/user/profile/61be0a170000000010008749?xsec_token=AB1-OzxemF4Lc29SxpfRXBj9uT11QTtKnxs9XllG0xVQ8=&xsec_source=pc_search|é²¸å¥‡åˆ›æƒ³å®¶STEAM - å°çº¢ä¹¦,,,
2025-11-02 21:59:00|https://www.xiaohongshu.com/explore/68cbd5dc000000001003e797?xsec_token=ABVQwEEsf9nBxUJALioaEVlghOmhXN1OQnUGJq3Z9fSE0=&xsec_source=pc_user|å°å­¦ç”ŸDIYè‡ªå·±çš„æœºå™¨ç‹—ï¼Ÿ - å°çº¢ä¹¦,,,
2025-11-02 21:59:21|https://www.xiaohongshu.com/user/profile/61be0a170000000010008749?xsec_token=AB1-OzxemF4Lc29SxpfRXBj9uT11QTtKnxs9XllG0xVQ8=&xsec_source=pc_search|é²¸å¥‡åˆ›æƒ³å®¶STEAM - å°çº¢ä¹¦,,,
2025-11-02 21:59:27|https://www.xiaohongshu.com/explore/67a10f6c0000000028035d13?xsec_token=ABLZ6TAOLmLfoRgV2os8UZOQLp0UliwK0epaiWFVp2vjM=&xsec_source=pc_user|2025æ›²æ±Ÿå¦ˆå¦ˆå…³æ³¨çš„ç§‘åˆ›å¸­ä½ï¼ - å°çº¢ä¹¦,,,
2025-11-02 21:59:52|https://www.xiaohongshu.com/user/profile/61be0a170000000010008749?xsec_token=AB1-OzxemF4Lc29SxpfRXBj9uT11QTtKnxs9XllG0xVQ8=&xsec_source=pc_search|é²¸å¥‡åˆ›æƒ³å®¶STEAM - å°çº¢ä¹¦,,,
2025-11-02 21:59:54|https://www.xiaohongshu.com/explore/6552cfb9000000001f02c09d?xsec_token=ABRG3oKQuVekMf2ucQH27l5A2wXBIHvKKHz7Ypu00AnqQ=&xsec_source=pc_user|è·Ÿç€è¥¿å®‰ç¼–ç¨‹å›½èµ›æ•™ç»ƒå­¦ä¹ ï¼ä½“éªŒå¦‚ä½•ï¼ - å°çº¢ä¹¦,,,
2025-11-02 22:00:19|https://www.xiaohongshu.com/user/profile/61be0a170000000010008749?xsec_token=AB1-OzxemF4Lc29SxpfRXBj9uT11QTtKnxs9XllG0xVQ8=&xsec_source=pc_search|é²¸å¥‡åˆ›æƒ³å®¶STEAM - å°çº¢ä¹¦,,,
2025-11-02 22:00:28|https://www.xiaohongshu.com/explore/68fdd0a10000000005032f2f?xsec_token=ABD09ElrRw8fgUlb2krjxj2bkK_04svbwImWFVrRanPN4=&xsec_source=pc_user|å­¦ç¼–ç¨‹å·²ç»åˆ°Next Leveläº† - å°çº¢ä¹¦,,,
2025-11-02 22:00:40|https://www.xiaohongshu.com/user/profile/61be0a170000000010008749?xsec_token=AB1-OzxemF4Lc29SxpfRXBj9uT11QTtKnxs9XllG0xVQ8=&xsec_source=pc_search|å°çº¢ä¹¦ - ä½ çš„ç”Ÿæ´»å…´è¶£ç¤¾åŒº,,,
2025-11-02 22:00:45|https://www.xiaohongshu.com/user/profile/61be0a170000000010008749?xsec_token=AB1-OzxemF4Lc29SxpfRXBj9uT11QTtKnxs9XllG0xVQ8=&xsec_source=pc_search|å°çº¢ä¹¦ - ä½ çš„ç”Ÿæ´»å…´è¶£ç¤¾åŒº,,,
2025-11-02 22:00:45|https://www.xiaohongshu.com/search_result?keyword=%25E7%25BC%2596%25E7%25A8%258B%25E5%2586%259C%25E5%259C%25BA&source=unknown|ç¼–ç¨‹å†œåœº - å°çº¢ä¹¦æœç´¢,,,
2025-11-02 22:00:50|https://www.xiaohongshu.com/explore/68eda1d20000000005030c87?xsec_token=ABWF_qo8KLU57Hc5YSSjdaEWkLVSVXEEr5XmGgj7E1ExM=&xsec_source=pc_search&source=unknown|ç©æ¸¸æˆè¿˜èƒ½å­¦ç¼–ç¨‹ï¼Ÿä½“éªŒä¸€æŠŠç¨‹åºå‘˜çš„å¿«ä¹ï¼ - å°çº¢ä¹¦,,,
2025-11-02 22:01:17|https://www.xiaohongshu.com/search_result?keyword=%25E7%25BC%2596%25E7%25A8%258B%25E5%2586%259C%25E5%259C%25BA&source=unknown|ç¼–ç¨‹å†œåœº - å°çº¢ä¹¦æœç´¢,,,
2025-11-02 22:01:18|https://www.xiaohongshu.com/explore/68cd7d70000000000e02441d?xsec_token=ABe2vILrFRYaEICO_Y2o9_sO3TCKDKny5TlFudyNKEvfo=&xsec_source=pc_search&source=unknown|ç¼–ç¨‹å†œåœº - å°çº¢ä¹¦,,,
2025-11-02 22:01:29|https://www.xiaohongshu.com/search_result?keyword=%25E7%25BC%2596%25E7%25A8%258B%25E5%2586%259C%25E5%259C%25BA&source=unknown|ç¼–ç¨‹å†œåœº - å°çº¢ä¹¦æœç´¢,,,
2025-11-02 22:01:33|https://www.xiaohongshu.com/explore/68efa5b90000000005001dcd?xsec_token=ABz3R8Wk-MZVbsQHZ6yyNPTghX4aqusq13nQI8fK3InEk=&xsec_source=pc_search&source=unknown|ç–¯ç‹‚çš„ä¸€å‘¨ï¼Œè°¢è°¢å¤§å®¶çš„æ”¯æŒ â¤ï¸ - å°çº¢ä¹¦,,,
2025-11-02 22:02:00|https://www.xiaohongshu.com/search_result?keyword=%25E7%25BC%2596%25E7%25A8%258B%25E5%2586%259C%25E5%259C%25BA&source=unknown|ç¼–ç¨‹å†œåœº - å°çº¢ä¹¦æœç´¢,,,
,,,
,,,
2025-11-02 22:02:08|https://www.google.com/search?client=safari&rls=en&q=%E7%BC%96%E7%A8%8B%E5%86%9C%E5%9C%BA&ie=UTF-8&oe=UTF-8|ç¼–ç¨‹å†œåœº - Google Search,,,
2025-11-02 22:02:23|https://dl.3dmgame.com/pc/146772.html|ç¼–ç¨‹å†œåœºå®˜æ–¹ç‰ˆ-ç¼–ç¨‹å†œåœºå®˜ç½‘ç‰ˆä¸‹è½½å®‰è£…_3DMå•æœº,,,
2025-11-02 22:02:48|https://www.google.com/search?client=safari&rls=en&q=%E7%BC%96%E7%A8%8B%E5%86%9C%E5%9C%BA&ie=UTF-8&oe=UTF-8#sv=CBASuxMKvRIKBtrZ29IPABKyEgriBwrfB7rZ29IP2AcKcWh0dHBzOi8vd3d3LnJlZGRpdC5jb20vci9JbmRpZUdhbWluZy9jb21tZW50cy8xbzM3YnM2L3JlbWVtYmVyX215X3Byb2dyYW1taW5nX2Zhcm1pbmdfZ2FtZV9hZnRlcl9tb3JlLz90bD16aC1oYW5zEgZSZWRkaXQa1gZkYXRhOmltYWdlL3BuZztiYXNlNjQsaVZCT1J3MEtHZ29BQUFBTlNVaEVVZ0FBQUJ3QUFBQWNDQU1BQUFCRjB5K21BQUFBbGxCTVZFVkhjRXovUlFEL1JRRC9SUUQvUlFEL1JRRC9SUUQvUlFEL1JRRC9SUUQvUlFEL1JRRC9SZ0QvUlFEKy8vLy9SUUQvUEFEL05RRCtRZ0RQMytmYjZlN244UEx4OXZjS0VoWDAvZi9MMXR6K2pYTDcxOC8rWENyNCt2djBlMS9vbElQNnBKRGkzTjNQcXFiZk5BbjdjVS8vVmdQKzl2UXlPRHYxYkViKzQ5cmR6YzMvdjY2eHU3N0lYbEhsWERocWNIS3NMQUJyTEJsUkdrUTNBQUFBRG5SU1RsTUF3a1NLMXRBNDdHWWRoMzFIUHJGN3VqUUFBQUY1U1VSQlZDaVJiWk9IY29Nd0RJYWh5WVVrYlczWjJHYnZsVDNlLytVcVFTQ2tpWTRENUE5YnZ3YVdOZHBxWVR1Y08vWmlaZjIzTllMUm5QVUwyaXlmaUV2Smw1c24rNWtoTHVKYWNQNDFzcTg1Z3lOamU1am9aczdrTFdDTWhVaUhrK2Z4S3U5K1lzd251T3gxenZkNUZaUktIWUFjMGp6bElBRnVkd0NvVTlSTEdXSHVKRUlJQUJIbng3STg1akU2ZU9IeXlscWcrRENLd25EUEhyWVB5Y2QwdHBiTklXY2ZMQWR1VThoUGpERUt5bVhzMDdzcGkyR3hLQTA5L0ZoeUN3TnJrekIyRnJ1RUZwTXFQdE8zR2dFZUM1bEttSzRhR1JHTVJGTnBscWdNOEZnYjFlWis0bDhhM2hKc2VYTkJOMGUxTnFVaWQ5b1lFN1ZEekRZeWlURTdTYW4wUlNpME52NnA2enl2NjA2KzBib1lpa0M1UU9vcXBaWFhtOUphcVJUNjh2V0ZoOHgxWFJWY1BlOGFLSHpONEZINHZtVWlEZHdnd1AxMEQxSlVNN1JzYURidzdGRGdIcmM0Wkx6djJHT01mb2Y1Z0xoTzB6b0c2QnMyRHRIM05IWWdoMWErczVsTm83bCtRN09oZm9XT3ZYMytEbitJbmk4Z2xvK1hCd0FBQUFCSlJVNUVya0pnZ2c9PSABOAEKswMKsAPS2dvSD6kDClLov5jorrDlvpfmiJHnmoTnvJbnqIvlhpzlnLrmuLjmiI_lkJfvvJ_ljobnu4_kuInlubTlpJrvvIzmiJHnu4jkuo7lj5HluIPkuoYxLjAgLi4uEnFodHRwczovL3d3dy5yZWRkaXQuY29tL3IvSW5kaWVHYW1pbmcvY29tbWVudHMvMW8zN2JzNi9yZW1lbWJlcl9teV9wcm9ncmFtbWluZ19mYXJtaW5nX2dhbWVfYWZ0ZXJfbW9yZS8_dGw9emgtaGFucxrfAeaIkeS4gOebtOWcqOeOqe-8geaIkeaDs-aJvuWIsOS4gOasvuWPr-S7peaVmeaOiOWfuuacrOe8lueoi-amguW_teeahOa4uOaIj--8jOW5tuWwhuWFtuS7i-e7jee7meaIkTEyIOWygeeahOS-hOWtkO-8jOS7luWvuee8lueggeWSjOa4uOaIj-W8gOWPkemdnuW4uOaEn-WFtOi2o-OAguWIsOebruWJjeS4uuatou-8jOS7luWPquiOt-W-l-S6huS4iuWcujE1IOWIhumSn-eahOacuuS8miAuLi4KyAQKxQTC2dvSD74EElLov5jorrDlvpfmiJHnmoTnvJbnqIvlhpzlnLrmuLjmiI_lkJfvvJ_ljobnu4_kuInlubTlpJrvvIzmiJHnu4jkuo7lj5HluIPkuoYxLjAgLi4uUskBGAUqUui_mOiusOW-l-aIkeeahOe8lueoi-WGnOWcuua4uOaIj-WQl--8n-WOhue7j-S4ieW5tOWkmu-8jOaIkee7iOS6juWPkeW4g-S6hjEuMCAuLi46cWh0dHBzOi8vd3d3LnJlZGRpdC5jb20vci9JbmRpZUdhbWluZy9jb21tZW50cy8xbzM3YnM2L3JlbWVtYmVyX215X3Byb2dyYW1taW5nX2Zhcm1pbmdfZ2FtZV9hZnRlcl9tb3JlLz90bD16aC1oYW5zYpMBCgxWSURFT19SRVNVTFQSBENLb0caBEJMVVIgACgAMAFCcWh0dHBzOi8vd3d3LnJlZGRpdC5jb20vci9JbmRpZUdhbWluZy9jb21tZW50cy8xbzM3YnM2L3JlbWVtYmVyX215X3Byb2dyYW1taW5nX2Zhcm1pbmdfZ2FtZV9hZnRlcl9tb3JlLz90bD16aC1oYW5zcoUBCnFodHRwczovL3d3dy5yZWRkaXQuY29tL3IvSW5kaWVHYW1pbmcvY29tbWVudHMvMW8zN2JzNi9yZW1lbWJlcl9teV9wcm9ncmFtbWluZ19mYXJtaW5nX2dhbWVfYWZ0ZXJfbW9yZS8_dGw9emgtaGFucygjMg5Tb3VyY2U6IFJlZGRpdArJAgrGAsrZ29IPvwISmgIilwIvc2VhcmNoL2Fib3V0LXRoaXMtcmVzdWx0P29yaWdpbj13d3cuZ29vZ2xlLmNvbSZjcz0xJnJlcT1DbkZvZEhSd2N6b3ZMM2QzZHk1eVpXUmthWFF1WTI5dEwzSXZTVzVrYVdWSFlXMXBibWN2WTI5dGJXVnVkSE12TVc4ek4ySnpOaTl5WlcxbGJXSmxjbDl0ZVY5d2NtOW5jbUZ0YldsdVoxOW1ZWEp0YVc1blgyZGhiV1ZmWVdaMFpYSmZiVzl5WlM4X2RHdzllbWd0YUdGdWN4SUVHZ0lJQUJvV0VnQWFBQ0lBS2dBeUFEb0FRZ0JLQUZvQWNnQjZBQ0lDRUFGSUFWZ0FhQUEmaGw9ZW4tVVMmZ2w9VVMaFmh0dHBzOi8vd3d3Lmdvb2dsZS5jb21aAGABaAFwAHgAEnlhdHJpdGVtLWh0dHBzOi8vd3d3LnJlZGRpdC5jb20vci9JbmRpZUdhbWluZy9jb21tZW50cy8xbzM3YnM2L3JlbWVtYmVyX215X3Byb2dyYW1taW5nX2Zhcm1pbmdfZ2FtZV9hZnRlcl9tb3JlLz90bD16aC1oYW5zGC8goKqfwgMwAg|ç¼–ç¨‹å†œåœº - Google Search,,,
,,,
2025-11-02 22:02:54|https://www.reddit.com/r/IndieGaming/comments/1o37bs6/remember_my_programming_farming_game_after_more/?tl=zh-hans|è¿˜è®°å¾—æˆ‘çš„ç¼–ç¨‹å†œåœºæ¸¸æˆå—ï¼Ÿå†ç»ä¸‰å¹´å¤šï¼Œæˆ‘ç»ˆäºå‘å¸ƒäº†1.0ç‰ˆæœ¬ï¼ : r/IndieGaming,,,
2025-11-02 22:03:09|https://www.bing.com/|,,,
2025-11-02 22:03:12|https://www.bing.com/search?q=%E7%BC%96%E7%A8%8B%E5%86%9C%E5%9C%BA&form=QBLH&sp=-1&lq=0&pq=%E7%BC%96%E7%A8%8B%E5%86%9C%E5%9C%BA&sc=9-4&qs=n&sk=&cvid=279C78FB309C426C9B8B6DBF08AEC4C8|ç¼–ç¨‹å†œåœº - æœç´¢,,,
2025-11-02 22:03:17|https://www.bing.com/ck/a?!&&p=b8f8a47451217c08a2a4b58e05473f1a885e5a4c5902ab13709a6ba21ad0cec5JmltdHM9MTc2MjA0MTYwMA&ptn=3&ver=2&hsh=4&fclid=0d4a3f80-66d0-61b9-07db-29e2674c60ae&u=a1aHR0cHM6Ly90aGVmYXJtZXJ3YXNyZXBsYWNlZC5jb20vemgv&ntb=1|,,,
2025-11-02 22:03:17|https://www.bing.com/search?q=%E7%BC%96%E7%A8%8B%E5%86%9C%E5%9C%BA&form=QBLH&sp=-1&lq=0&pq=%E7%BC%96%E7%A8%8B%E5%86%9C%E5%9C%BA&sc=9-4&qs=n&sk=&cvid=279C78FB309C426C9B8B6DBF08AEC4C8|,,,
2025-11-02 22:03:19|https://thefarmerwasreplaced.com/zh/|The Farmer Was Replaced - ç¼–ç¨‹å†œåœºä¸­æ–‡ç«™,,,
2025-11-02 22:03:28|https://store.steampowered.com/app/2060160/_/|Steam ä¸Šçš„ ç¼–ç¨‹å†œåœº,,,
2025-11-02 22:04:39|https://www.bing.com/ck/a?!&&p=7b6d3208e76401f2456bb8f838dc820469157556b97471c660c60fd987f2b341JmltdHM9MTc2MjA0MTYwMA&ptn=3&ver=2&hsh=4&fclid=0d4a3f80-66d0-61b9-07db-29e2674c60ae&u=a1aHR0cHM6Ly93d3cueGlhb2hlaWhlLmNuL2FwcC90b3BpYy9nYW1lL3BjLzIwNjAxNjA&ntb=1|,,,
2025-11-02 22:04:39|https://www.bing.com/search?q=%E7%BC%96%E7%A8%8B%E5%86%9C%E5%9C%BA&form=QBLH&sp=-1&lq=0&pq=%E7%BC%96%E7%A8%8B%E5%86%9C%E5%9C%BA&sc=9-4&qs=n&sk=&cvid=279C78FB309C426C9B8B6DBF08AEC4C8|,,,
,,,
,,,
,,,
,,,
2025-11-02 22:05:04|https://www.xiaoheihe.cn/app/topic/game/pc/2060160|ç¼–ç¨‹å†œåœº - å°é»‘ç›’,,,
2025-11-02 22:05:06|https://www.xiaohongshu.com/user/profile/61be0a170000000010008749?xsec_token=AB1-OzxemF4Lc29SxpfRXBj9uT11QTtKnxs9XllG0xVQ8=&xsec_source=pc_search|é²¸å¥‡åˆ›æƒ³å®¶STEAM - å°çº¢ä¹¦,,,
2025-11-02 22:05:10|https://www.xiaohongshu.com/explore/67a10f6c0000000028035d13?xsec_token=ABLZ6TAOLmLfoRgV2os8UZOQLp0UliwK0epaiWFVp2vjM=&xsec_source=pc_user|2025æ›²æ±Ÿå¦ˆå¦ˆå…³æ³¨çš„ç§‘åˆ›å¸­ä½ï¼ - å°çº¢ä¹¦,,,
,,,
,,,
,,,
,,,
2025-11-02 22:05:55|https://www.xiaohongshu.com/search_result?keyword=masterplan&source=unknown|masterplan - å°çº¢ä¹¦æœç´¢,,,
,,,
,,,
2025-11-02 22:06:03|https://www.xiaohongshu.com/user/profile/640057650000000029015995?xsec_token=ABEMq8SO1Hq8AWJSopHOkGY_bOqV2__E7SK-Ti8TylvlI%3D&xsec_source=pc_search|MasterPlanå¤§å¸ˆè®¡åˆ’-ä¸€æ¢ç–†æ¥ - å°çº¢ä¹¦,,,
2025-11-02 22:06:08|https://www.xiaohongshu.com/explore/67fe4a5b000000000f0337e9?xsec_token=ABEVNsoLlrnuSAPbX9jZb-1x61XeAYN1vtBfXbKCqpalM=&xsec_source=pc_user|å£ç¢‘å¤©èŠ±æ¿ğŸ”¥MasterPlanå¤ä»¤è¥6å²èµ·æŠ¥ - å°çº¢ä¹¦,,,
2025-11-02 22:08:24|https://www.xiaohongshu.com/user/profile/640057650000000029015995?xsec_token=ABEMq8SO1Hq8AWJSopHOkGY_bOqV2__E7SK-Ti8TylvlI%3D&xsec_source=pc_search|MasterPlanå¤§å¸ˆè®¡åˆ’-ä¸€æ¢ç–†æ¥ - å°çº¢ä¹¦,,,
2025-11-02 22:09:14|https://www.xiaohongshu.com/search_result?keyword=master&source=unknown|masterplan - å°çº¢ä¹¦æœç´¢,,,
2025-11-02 22:09:47|https://www.xiaohongshu.com/user/profile/61be0a170000000010008749?xsec_token=AB1-OzxemF4Lc29SxpfRXBj9uT11QTtKnxs9XllG0xVQ8=&xsec_source=pc_search|é²¸å¥‡åˆ›æƒ³å®¶STEAM - å°çº¢ä¹¦,,,
2025-11-02 22:10:37|https://www.xiaohongshu.com/explore/6804c4dc000000001d0043a0?xsec_token=AByT1Eeq9kVMm6pfpWYkSkzOJGBrjssy3JqVj-cXzGVaY=&xsec_source=pc_user|ä¸¤å¤©ï¼7å²å­©å­å°±å¯ä»¥æ‰‹æ“ä¸€åªç”µå­æ¡Œå® ... - å°çº¢ä¹¦,,,
2025-11-02 22:11:17|https://www.xiaohongshu.com/user/profile/61be0a170000000010008749?xsec_token=AB1-OzxemF4Lc29SxpfRXBj9uT11QTtKnxs9XllG0xVQ8=&xsec_source=pc_search|é²¸å¥‡åˆ›æƒ³å®¶STEAM - å°çº¢ä¹¦,,,
2025-11-02 22:11:26|https://www.xiaohongshu.com/explore/67a83c49000000002a003736?xsec_token=ABr8zxK2XdYCe9OSpe7PB3ZdNi0TtgWPk5I7WqRngc9Nc=&xsec_source=pc_user|æŠ“ä½ä¸€åªçŸ³çŸ¶å¨˜å¨˜ï¼ - å°çº¢ä¹¦,,,
2025-11-02 22:11:30|https://www.xiaohongshu.com/user/profile/61be0a170000000010008749?xsec_token=AB1-OzxemF4Lc29SxpfRXBj9uT11QTtKnxs9XllG0xVQ8=&xsec_source=pc_search|é²¸å¥‡åˆ›æƒ³å®¶STEAM - å°çº¢ä¹¦,,,
2025-11-02 22:11:45|https://www.xiaohongshu.com/user/profile/61be0a170000000010008749?xsec_token=AB1-OzxemF4Lc29SxpfRXBj9uT11QTtKnxs9XllG0xVQ8=&xsec_source=pc_search|é²¸å¥‡åˆ›æƒ³å®¶STEAM - å°çº¢ä¹¦,,,
2025-11-02 22:11:45|https://www.xiaohongshu.com/search_result?keyword=%25E6%259C%25BA%25E6%25A2%25B0%25E8%2587%2582&source=unknown|æœºæ¢°è‡‚ - å°çº¢ä¹¦æœç´¢,,,
2025-11-02 22:11:49|https://www.xiaohongshu.com/explore/68ccca19000000000e00c15e?xsec_token=ABycxduqhtW79Js4ZTk5xjszkZtaJXBTSF4cKA6_A6Yz8=&xsec_source=pc_search&source=unknown|æ¯«æ— ç²¾åº¦å´çˆ†ç«ï¼Ÿåƒå…ƒçº§å¼€æºæœºæ¢°è‡‚åŸç†è§£æ - å°çº¢ä¹¦,,,
2025-11-02 22:12:25|https://www.xiaohongshu.com/search_result?keyword=%25E6%259C%25BA%25E6%25A2%25B0%25E8%2587%2582&source=unknown|æœºæ¢°è‡‚ - å°çº¢ä¹¦æœç´¢,,,
2025-11-02 22:12:41|https://www.xiaohongshu.com/search_result?keyword=%25E6%259C%25BA%25E6%25A2%25B0%25E8%2587%2582&source=unknown|æœºæ¢°è‡‚ - å°çº¢ä¹¦æœç´¢,,,
2025-11-02 22:12:41|https://www.xiaohongshu.com/search_result?keyword=%25E5%25AE%2587%25E6%25A0%2591%25E5%25BC%2580%25E6%25BA%2590%25E6%259C%25BA%25E5%2599%25A8%25E4%25BA%25BA&source=unknown|å®‡æ ‘å¼€æºæœºå™¨äºº - å°çº¢ä¹¦æœç´¢,,,
2025-11-02 22:12:44|https://www.xiaohongshu.com/explore/68ffb38a000000000301f16b?xsec_token=AB9Jh-tzxkH9hy5xpkByRpyygtmYfeRmqwcMVXsZcctSI=&xsec_source=pc_search&source=unknown|å®‡æ ‘å¼€æºæœºå™¨äººQminiï¼Œèµ„æ–™ç§ä¿¡è‡ªå– - å°çº¢ä¹¦,,,
2025-11-02 22:13:23|https://www.xiaohongshu.com/search_result?keyword=%25E5%25AE%2587%25E6%25A0%2591%25E5%25BC%2580%25E6%25BA%2590%25E6%259C%25BA%25E5%2599%25A8%25E4%25BA%25BA&source=unknown|å®‡æ ‘å¼€æºæœºå™¨äºº - å°çº¢ä¹¦æœç´¢,,,
2025-11-02 22:13:25|https://www.xiaohongshu.com/explore/68428e17000000002100cd8e?xsec_token=ABRQay5eDPubNAg50o0q8MDm69lqFH8S-_5jpwXEt0GgA=&xsec_source=pc_search&source=unknown|å®‡æ ‘å¼€æº3Dæ‰“å°åŒè¶³æœºå™¨äºº - å°çº¢ä¹¦,,,
2025-11-02 22:14:04|https://www.xiaohongshu.com/search_result?keyword=%25E5%25AE%2587%25E6%25A0%2591%25E5%25BC%2580%25E6%25BA%2590%25E6%259C%25BA%25E5%2599%25A8%25E4%25BA%25BA&source=unknown|å®‡æ ‘å¼€æºæœºå™¨äºº - å°çº¢ä¹¦æœç´¢,,,
2025-11-02 22:14:12|https://www.xiaohongshu.com/explore/6852677900000000170332bb?xsec_token=ABEuQ8SHFm8aiC5wXtQhlg33UH2kTlWN1fW7NDspVDlqA=&xsec_source=pc_search&source=unknown|å®‡æ ‘g1 edu åˆ·å›ºä»¶ - å°çº¢ä¹¦,,,
2025-11-02 22:14:37|https://www.xiaohongshu.com/search_result?keyword=%25E5%25AE%2587%25E6%25A0%2591%25E5%25BC%2580%25E6%25BA%2590%25E6%259C%25BA%25E5%2599%25A8%25E4%25BA%25BA&source=unknown|å®‡æ ‘å¼€æºæœºå™¨äºº - å°çº¢ä¹¦æœç´¢,,,
,,,
,,,
2025-11-02 22:16:21|https://www.google.com/search?client=safari&rls=en&q=%E6%A0%B8%E6%A1%83%E7%BC%96%E7%A8%8B&ie=UTF-8&oe=UTF-8|æ ¸æ¡ƒç¼–ç¨‹ - Google Search,,,
2025-11-02 22:16:23|https://www.hetao101.com/|æ ¸æ¡ƒç¼–ç¨‹-ä¸“æ³¨äºä»¥ç§‘æŠ€æ‰‹æ®µä¿ƒè¿›ç§‘å­¦æ•™è‚²,,,
,,,
,,,
,,,
2025-11-02 22:18:30|https://d.hetao101.com/|æ ¸æ¡ƒç¼–ç¨‹å®¢æˆ·ç«¯å®˜æ–¹ä¸‹è½½å…¥å£,,,
2025-11-02 22:20:06|https://www.hetao101.com/|æ ¸æ¡ƒç¼–ç¨‹-ä¸“æ³¨äºä»¥ç§‘æŠ€æ‰‹æ®µä¿ƒè¿›ç§‘å­¦æ•™è‚²,,,
,,,
,,,
2025-11-02 22:20:19|https://www.google.com/search?client=safari&rls=en&q=%E7%BC%96%E7%A8%8B%E6%95%99%E8%82%B2&ie=UTF-8&oe=UTF-8|ç¼–ç¨‹æ•™è‚² - Google Search,,,
2025-11-02 22:20:24|https://codemao.cn/|ç‚¹çŒ«ç§‘æŠ€,,,
2025-11-02 22:23:13|http://www.wowhaleai.com/index.html|é²¸å¥‡ç§‘åˆ›STEAM - åŸ¹å…»AIæ—¶ä»£å…·æœ‰è‡ªä¸»å­¦ä¹ èƒ½åŠ›çš„ç§‘åˆ›å°‘å¹´,,,
2025-11-02 22:29:01|https://weekend.sightx.top/|ä¸€å—é’±å‘¨æœ«æŒ‘æˆ˜ï½œ48 å°æ—¶æŒ‘æˆ˜ Â· å…ˆèµšåˆ°ç¬¬ä¸€å—é’±,,,
2025-11-02 22:29:04|https://weekend.sightx.top/pages/announcement.html|,,,
2025-11-02 22:29:04|https://weekend.sightx.top/pages/announcement|ä¸€å—é’±å‘¨æœ«æŒ‘æˆ˜ç¤¾ç¾¤å…¬å‘Šï½œä»é›¶åˆ°ç¬¬ä¸€å—é’±çš„ç¤¾ç¾¤å¯¼èˆª,,,
2025-11-02 22:29:17|https://www.bilibili.com/video/BV15stoz6E8X|,,,
2025-11-02 22:29:17|https://www.bilibili.com/video/BV15stoz6E8X/|å®Œå…¨ç”¨AIå¼€å‘ç½‘ç«™ï¼Ÿæˆ‘åšäº†ä¸ªå…¨æ ˆé¡¹ç›®ï¼_å“”å“©å“”å“©_bilibili,,,
2025-11-02 22:29:19|https://www.bilibili.com/video/BV15stoz6E8X/?vd_source=61677eb24bf679cd304b875a24615fe9|å®Œå…¨ç”¨AIå¼€å‘ç½‘ç«™ï¼Ÿæˆ‘åšäº†ä¸ªå…¨æ ˆé¡¹ç›®ï¼_å“”å“©å“”å“©_bilibili,,,
2025-11-02 22:33:53|https://www.google.com/search?client=safari&rls=en&q=%E5%BD%B1%E8%A7%86%E9%A3%93%E9%A3%8E&ie=UTF-8&oe=UTF-8|å½±è§†é£“é£ - Google Search,,,
,,,
,,,
,,,
2025-11-02 22:33:55|https://www.ysjf.com/|å½±è§†é£“é£,,,
,,,
,,,
,,,
,,,
,,,
,,,
2025-11-02 22:35:32|https://www.ysjf.com/materials/m-000194856217486954496|å½±è§†é£“é£,,,
2025-11-02 22:35:32|https://www.ysjf.com/materials/m-000194856217486954496|å½±è§†é£“é£,,,
,,,
,,,
,,,
,,,
2025-11-02 22:35:50|https://course.ysjf.com/#/?token=undefined|é£“é£è¯¾å ‚,,,
,,,
2025-11-02 22:35:58|https://course.ysjf.com/#/|é£“é£è¯¾å ‚,,,
,,,
,,,
,,,
2025-11-02 22:36:05|https://www.mediastory.cc/#/|é—ªç”µåˆ†é•œå®˜ç½‘,,,
,,,
2025-11-02 22:36:06|https://web.mediastory.cc/#/|é—ªç”µåˆ†é•œ,,,
,,,
2025-11-02 22:36:07|https://web.mediastory.cc/#/signInV2|é—ªç”µåˆ†é•œ,,,
,,,
,,,
,,,
,,,
,,,
,,,
,,,
,,,
2025-11-02 22:37:24|https://www.google.com/search?client=safari&rls=en&q=%E6%9D%A1%E6%BC%AB&ie=UTF-8&oe=UTF-8|æ¡æ¼« - Google Search,,,
,,,
,,,
2025-11-02 22:37:46|https://www.google.com/search?client=safari&rls=en&q=AI%E6%95%99%E8%82%B2&ie=UTF-8&oe=UTF-8|AIæ•™è‚² - Google Search,,,
2025-11-02 22:37:52|https://aiedu.tencent.com/|,,,
2025-11-02 22:37:52|https://edu.tencent.com/aie/|AI EDU,,,
2025-11-02 22:37:52|https://edu.tencent.com/aie/#/|AI EDU,,,
,,,
2025-11-02 22:38:18|https://cloud.iflow.cn/sites/Z0FBQUFBQm91N1BNOGtiSEstX0FMdUplQlZiZ0gyUkRDemtLeTNqTThhVjM1RTdBNkU4cWlIOVU3YzdlbGJ5RVZ0T0ZSM1R4N0J2dFlUSFNFMHpOQ291aklPZk9Vb0E4clhGNVRYYW9rNVJPY3lwWHR0ZUplYzRFSHBGa1F3WGlOT2pUWnpaRmMxZHo/AI%E6%80%9D%E7%BB%B4%E4%B9%8B%E5%AD%A6%E6%A0%A1%E4%B8%8D%E6%95%99%E7%9A%84%E6%8A%80%E8%83%BD%E8%AF%BE%E8%90%BD%E5%9C%B0%E5%AE%9E%E6%88%98%E6%89%8B%E5%86%8CPPT%E5%88%B6%E4%BD%9C.pdf|,,,
,,,
,,,
2025-11-02 22:40:32|https://www.google.com/search?client=safari&rls=en&q=%E5%8C%BA%E5%9D%97%E9%93%BE%E5%88%9B%E6%84%8F%E4%BF%9D%E6%8A%A4&ie=UTF-8&oe=UTF-8|åŒºå—é“¾åˆ›æ„ä¿æŠ¤ - Google Search,,,
,,,
2025-11-02 22:40:37|https://cryptomus.com/zh/blog/protecting-ideas-blockchain-and-intellectual-property?srsltid=AfmBOorot6CeH5hefsmWKtIGL--HpXw5V006J0jYzyEZ4jeKTMjqeFzv|ä¿æŠ¤åˆ›æ„ï¼šåŒºå—é“¾å’ŒçŸ¥è¯†äº§æƒ â€¢ åšå®¢ Cryptomus,,,
2025-11-02 22:40:37|https://cryptomus.com/zh/blog/protecting-ideas-blockchain-and-intellectual-property?srsltid=AfmBOorot6CeH5hefsmWKtIGL--HpXw5V006J0jYzyEZ4jeKTMjqeFzv&utm_medium=organic&utm_source=google&utm_referrer=https%253A%252F%252Fwww.google.com%252F|ä¿æŠ¤åˆ›æ„ï¼šåŒºå—é“¾å’ŒçŸ¥è¯†äº§æƒ â€¢ åšå®¢ Cryptomus,,,
2025-11-02 22:41:33|https://yc.alibaba.com/|é˜¿é‡Œå·´å·´é›†å›¢åŸåˆ›ä¿æŠ¤å¹³å°Â - Alibaba Original Design Protection Platform,,,
,,,
2025-11-02 22:41:46|http://www.qqip.org.cn/category/view?id=1490|åŸºäºåŒºå—é“¾ç¯å¢ƒä¸‹åˆ›æ„ä¿æŠ¤èŒƒå¼çš„æ€è¾¨æ€§ç ”ç©¶,,,
2025-11-02 22:41:51|https://web3caff.com/archives/104838|Story åŒºå—é“¾èµ‹èƒ½çŸ¥è¯†äº§æƒ - Web3Caff,,,
2025-11-02 22:42:31|https://www.google.com/search?q=%E5%8C%BA%E5%9D%97%E9%93%BE%E5%88%9B&client=safari&sca_esv=4a5c3741dee32086&rls=en&sxsrf=AE3TifN2cFcjPMb76Qj1udHTHhjw7ajAcg%3A1762094431689&ei=X20Had_0Kd-JptQP9eeNuAI&ved=0ahUKEwifoKWl2dOQAxXfhIkEHfVzAycQ4dUDCBE&uact=5&oq=%E5%8C%BA%E5%9D%97%E9%93%BE%E5%88%9B&gs_lp=Egxnd3Mtd2l6LXNlcnAiDOWMuuWdl-mTvuWImzIEECMYJzIFEAAYgAQyBRAAGIAEMggQABiABBiiBDIIEAAYgAQYogQyCBAAGIAEGKIESPcVUKkJWKELcAF4AJABAJgBvgKgAdEJqgEDMy00uAEDyAEA-AEBmAICoALNAsICChAAGLADGNYEGEeYAwCIBgGQBgSSBwUxLjMtMaAH6wyyBwMzLTG4B8YCwgcFMi0xLjHIBxM&sclient=gws-wiz-serp|åŒºå—é“¾åˆ› - Google Search,,,
,,,
,,,
,,,
,,,
,,,
2025-11-02 22:42:43|https://aws.amazon.com/cn/what-is/blockchain/|ä»€ä¹ˆæ˜¯åŒºå—é“¾æŠ€æœ¯ï¼Ÿ- åŒºå—é“¾ç®€ä»‹ - AWS,,,
,,,
2025-11-02 22:42:48|https://aws.amazon.com/cn/what-is/blockchain/?aws-products-all.sort-by=item.additionalFields.productNameLowercase&aws-products-all.sort-order=asc|ä»€ä¹ˆæ˜¯åŒºå—é“¾æŠ€æœ¯ï¼Ÿ- åŒºå—é“¾ç®€ä»‹ - AWS,,,
,,,
2025-11-02 22:43:10|https://x.com/as_ang|gagua ai (@as_ang) / X,,,
2025-11-02 22:43:10|https://x.com/search?q=web3&src=typed_query|web3 - Search / X,,,
2025-11-02 22:44:01|https://x.com/home|Home / X,,,
2025-11-02 22:44:05|https://x.com/Zephyr_hg/status/1984530900516733195|Zephyr on X: "I never run out of content to post anymore. Built an automation that monitors 50+ news sources, scores articles for relevance, and writes social posts automatically. It finds trending topics in my niche before they explode everywhere else. Saves me 15-20 hours monthly and https://t.co/nEmkuKNlVs" / X,
,,,
2025-11-02 22:44:58|https://www.xiaohongshu.com/search_result?keyword=%25E7%25AC%25AC%25E5%259B%259B%25E7%25A7%258D%25E9%25BB%2591%25E7%258C%25A9%25E7%258C%25A9&source=unknown|ç¬¬å››ç§é»‘çŒ©çŒ© - å°çº¢ä¹¦æœç´¢,,,
,,,
2025-11-02 22:45:18|https://www.xiaohongshu.com/search_result?keyword=%25E5%2588%2598%25E5%25B0%258F%25E6%258E%2592&source=unknown|åˆ˜å°æ’ - å°çº¢ä¹¦æœç´¢,,,
2025-11-02 22:45:23|https://www.xiaohongshu.com/user/profile/57388d5c82ec397239ac3585?xsec_token=ABh1JUdGzYEW64ajn-eSYF2i9f3SYzZ7-68njAWWw-pBw%3D&xsec_source=pc_search|åˆ˜å°æ’ - å°çº¢ä¹¦,,,
,,,
,,,
,,,
,,,
,,,
,,,
,,,
,,,
2025-11-02 22:46:01|https://x.com/search?q=%E5%88%98%E5%B0%8F%E6%8E%92&src=typed_query|åˆ˜å°æ’ - Search / X,,,
2025-11-02 22:46:06|https://x.com/bourneliu66|åˆ˜å°æ’ (@bourneliu66) / X,,,
2025-11-02 22:46:28|https://x.com/oran_ge|Orange AI (@oran_ge) / X,,,
2025-11-02 22:47:06|https://www.xiaohongshu.com/search_result?keyword=%25E5%2588%2598%25E5%25B0%258F%25E6%258E%2592&source=unknown|åˆ˜å°æ’ - å°çº¢ä¹¦æœç´¢,,,
,,,
,,,
2025-11-02 22:47:20|https://www.xiaohongshu.com/search_result?keyword=AI%25E9%2587%258F%25E5%258C%2596&source=unknown|AIç‚’è‚¡ - å°çº¢ä¹¦æœç´¢,,,
,,,
,,,
2025-11-02 22:47:31|https://www.xiaohongshu.com/user/profile/573017a21c07df48237f3fd6?channel_type=web_search_result_notes&parent_page_channel_type=web_profile_board&xsec_token=ABXtD8Q3zEUyh2Ro5iGfR5eCkH-7_i3s3v6a1Kxn_m-ok=&xsec_source=pc_search|JayBeeé»„ - å°çº¢ä¹¦,,,
2025-11-02 22:47:31|https://www.xiaohongshu.com/user/profile/573017a21c07df48237f3fd6?xsec_token=ABXtD8Q3zEUyh2Ro5iGfR5eCkH-7_i3s3v6a1Kxn_m-ok=&xsec_source=pc_search|JayBeeé»„ - å°çº¢ä¹¦,,,
2025-11-02 22:47:36|https://www.xiaohongshu.com/explore/690546490000000004020958?xsec_token=ABdNAR2Baolb72iorkSRpdjBkhoZOwDS2U-ZSY6YGEEgo=&xsec_source=pc_user|æ‰‹æŠŠæ‰‹å¸¦å¤§å®¶æ‹†è§£è¿‘æœŸå¤§ç«çš„AIäº¤æ˜“äº§å“ - å°çº¢ä¹¦,,,
2025-11-02 22:48:17|https://www.xiaohongshu.com/user/profile/573017a21c07df48237f3fd6?xsec_token=ABXtD8Q3zEUyh2Ro5iGfR5eCkH-7_i3s3v6a1Kxn_m-ok=&xsec_source=pc_search|JayBeeé»„ - å°çº¢ä¹¦,,,
2025-11-02 22:48:18|https://www.xiaohongshu.com/explore/684d021000000000220275ed?xsec_token=ABWpBk4Wco0IHxwgoDBrxayVaUoFImrPmb3rkD1tl5m-M=&xsec_source=pc_user|é‡åŒ–æ™ºèƒ½ä½“çš„æœ€æ–°è¿›å±• - å°çº¢ä¹¦,,,
2025-11-02 22:49:02|https://www.xiaohongshu.com/user/profile/573017a21c07df48237f3fd6?xsec_token=ABXtD8Q3zEUyh2Ro5iGfR5eCkH-7_i3s3v6a1Kxn_m-ok=&xsec_source=pc_search|JayBeeé»„ - å°çº¢ä¹¦,,,
,,,
2025-11-02 22:49:07|https://www.xiaohongshu.com/user/profile/573017a21c07df48237f3fd6?xsec_token=ABXtD8Q3zEUyh2Ro5iGfR5eCkH-7_i3s3v6a1Kxn_m-ok=&xsec_source=pc_search&tab=fav|JayBeeé»„ - å°çº¢ä¹¦,,,
,,,
,,,
2025-11-02 22:51:33|https://www.xiaohongshu.com/user/profile/573017a21c07df48237f3fd6?xsec_token=ABXtD8Q3zEUyh2Ro5iGfR5eCkH-7_i3s3v6a1Kxn_m-ok=&xsec_source=pc_search&tab=note|å°çº¢ä¹¦ - ä½ çš„ç”Ÿæ´»å…´è¶£ç¤¾åŒº,,,
,,,
2025-11-02 22:51:59|https://www.xiaohongshu.com/search_result?keyword=%25E6%2596%2587%25E5%258C%2596%25E5%2587%25BA%25E6%25B5%25B7&source=unknown|æ–‡åŒ–å‡ºæµ· - å°çº¢ä¹¦æœç´¢,,,
,,,
2025-11-02 22:52:09|https://www.xiaohongshu.com/search_result?keyword=%25E5%2587%25BA%25E6%25B5%25B7%25E8%25B5%259B%25E9%2581%2593&source=unknown|å‡ºæµ·èµ›é“ - å°çº¢ä¹¦æœç´¢,,,
2025-11-02 22:52:09|https://www.xiaohongshu.com/search_result?keyword=%25E5%2587%25BA%25E6%25B5%25B7%25E5%2588%259B%25E4%25B8%259A&source=unknown|å‡ºæµ·åˆ›ä¸š - å°çº¢ä¹¦æœç´¢,,,
,,,
2025-11-02 22:52:26|https://www.xiaohongshu.com/search_result?keyword=%25E5%259F%2583%25E5%258F%258A%25E5%25A4%2596%25E5%258D%2596&source=unknown|åŸƒåŠå¤–å– - å°çº¢ä¹¦æœç´¢,,,
,,,
2025-11-02 22:53:18|https://www.xiaohongshu.com/search_result?keyword=%25E5%2587%25BA%25E6%25B5%25B7%25E5%2588%259B%25E4%25B8%259A&source=unknown|å‡ºæµ·åˆ›ä¸š - å°çº¢ä¹¦æœç´¢,,,
,,,
2025-11-02 22:53:39|https://www.xiaohongshu.com/search_result?keyword=%25E6%2596%2587%25E5%258C%2596%25E5%2587%25BA%25E6%25B5%25B7&source=unknown|æ–‡åŒ–å‡ºæµ· - å°çº¢ä¹¦æœç´¢,,,
2025-11-02 22:53:57|https://www.google.com/search?client=safari&rls=en&q=%E6%96%87%E5%8C%96%E5%87%BA%E6%B5%B7&ie=UTF-8&oe=UTF-8|æ–‡åŒ–å‡ºæµ· - Google Search,,,
,,,
2025-11-02 22:53:58|https://www.google.com/search?client=safari&rls=en&q=%E6%96%87%E5%8C%96%E5%87%BA%E6%B5%B7&ie=UTF-8&oe=UTF-8|æ–‡åŒ–å‡ºæµ· - Google Search,,,
2025-11-02 22:54:01|http://www.news.cn/travel/20241226/21b58fc6d79f4f0c8dcbda7d857d283e/c.html|,,,
2025-11-02 22:54:01|https://www.news.cn/travel/20241226/21b58fc6d79f4f0c8dcbda7d857d283e/c.html|â€œæ–‡åŒ–å‡ºæµ·â€é¡»æœ‰æ–°æ€è·¯æ–°æ¨¡å¼-æ–°åç½‘,,,
2025-11-02 22:54:22|https://www.sz.gov.cn/cn/xxgk/zfxxgj/zwdt/content/post_11299204.html|â€œæ–°ä¸‰æ ·â€æˆæ–‡åŒ–å‡ºæµ·ç”ŸåŠ›å†›-æ·±åœ³æ”¿åºœåœ¨çº¿_æ·±åœ³å¸‚äººæ°‘æ”¿åºœé—¨æˆ·ç½‘ç«™,,,
2025-11-02 22:55:46|https://www.xiaohongshu.com/search_result?keyword=%25E5%25AE%2587%25E6%25A0%2591%25E5%25BC%2580%25E6%25BA%2590%25E6%259C%25BA%25E5%2599%25A8%25E4%25BA%25BA&source=unknown|å®‡æ ‘å¼€æºæœºå™¨äºº - å°çº¢ä¹¦æœç´¢,,,
2025-11-02 22:55:46|https://www.xiaohongshu.com/search_result?keyword=%25E5%25A5%2594%25E8%25B7%2591%25E7%259A%2584%25E8%2596%25AF%25E9%25A5%25BCJustin&source=unknown|å¥”è·‘çš„è–¯é¥¼Justin - å°çº¢ä¹¦æœç´¢,,,
2025-11-02 22:55:49|https://www.xiaohongshu.com/user/profile/6883428d000000000d03fef1?channel_type=web_search_result_notes&parent_page_channel_type=web_user_board&xsec_token=ABtiG8aBxdJneIKOrppyg_kqAHBMMV_mAT1MIcEaxuSMI=&xsec_source=pc_search|å¥”è·‘çš„è–¯é¥¼Justin - å°çº¢ä¹¦,,,
2025-11-02 22:55:50|https://www.xiaohongshu.com/user/profile/6883428d000000000d03fef1?channel_type=web_search_result_notes&parent_page_channel_type=web_user_board&xsec_token=ABtiG8aBxdJneIKOrppyg_kqAHBMMV_mAT1MIcEaxuSMI=&xsec_source=pc_search|å¥”è·‘çš„è–¯é¥¼Justin - å°çº¢ä¹¦,,,
2025-11-02 22:55:50|https://www.xiaohongshu.com/user/profile/6883428d000000000d03fef1?channel_type=web_search_result_notes&parent_page_channel_type=web_user_board&xsec_token=ABtiG8aBxdJneIKOrppyg_kqAHBMMV_mAT1MIcEaxuSMI=&xsec_source=pc_search|å¥”è·‘çš„è–¯é¥¼Justin - å°çº¢ä¹¦,,,
2025-11-02 22:55:51|https://www.xiaohongshu.com/user/profile/6883428d000000000d03fef1?xsec_token=ABtiG8aBxdJneIKOrppyg_kqAHBMMV_mAT1MIcEaxuSMI=&xsec_source=pc_search|å¥”è·‘çš„è–¯é¥¼Justin - å°çº¢ä¹¦,,,
2025-11-02 22:56:21|https://www.xiaohongshu.com/explore/68fda7fb0000000004007ab7?xsec_token=ABD09ElrRw8fgUlb2krjxj2RyQ0r7z-Mg504KO-KWTctI=&xsec_source=pc_user|æ—¥å…¥14wï¼Ÿï¼ç»™ä¸­ä¸œåœŸè±ªå¸¦è´§èƒ½æœ‰å¤šèµšï¼Ÿ - å°çº¢ä¹¦,,,
2025-11-02 22:56:50|https://www.xiaohongshu.com/user/profile/6883428d000000000d03fef1?xsec_token=ABtiG8aBxdJneIKOrppyg_kqAHBMMV_mAT1MIcEaxuSMI=&xsec_source=pc_search|å°çº¢ä¹¦ - ä½ çš„ç”Ÿæ´»å…´è¶£ç¤¾åŒº,,,
,,,
2025-11-02 22:57:06|https://www.xiaohongshu.com/search_result?keyword=%25E6%2597%2585%25E5%25B1%2585%25E4%25BA%25A4%25E6%2598%2593%25E5%2591%2598&source=unknown|æ—…å±…äº¤æ˜“å‘˜ - å°çº¢ä¹¦æœç´¢,,,
2025-11-02 22:57:10|https://www.xiaohongshu.com/user/profile/636c441c000000001f0186b7?channel_type=web_search_result_notes&parent_page_channel_type=web_user_board&xsec_token=ABsLJEha42GjgymISclCxR7mOpK9xvaOAhjuA8di8Swo0=&xsec_source=pc_search|æ—…å±…äº¤æ˜“å‘˜YC - å°çº¢ä¹¦,,,
2025-11-02 22:57:11|https://www.xiaohongshu.com/user/profile/636c441c000000001f0186b7?channel_type=web_search_result_notes&parent_page_channel_type=web_user_board&xsec_token=ABsLJEha42GjgymISclCxR7mOpK9xvaOAhjuA8di8Swo0=&xsec_source=pc_search|æ—…å±…äº¤æ˜“å‘˜YC - å°çº¢ä¹¦,,,
2025-11-02 22:57:11|https://www.xiaohongshu.com/user/profile/636c441c000000001f0186b7?channel_type=web_search_result_notes&parent_page_channel_type=web_user_board&xsec_token=ABsLJEha42GjgymISclCxR7mOpK9xvaOAhjuA8di8Swo0=&xsec_source=pc_search|æ—…å±…äº¤æ˜“å‘˜YC - å°çº¢ä¹¦,,,
2025-11-02 22:57:11|https://www.xiaohongshu.com/user/profile/636c441c000000001f0186b7?xsec_token=ABsLJEha42GjgymISclCxR7mOpK9xvaOAhjuA8di8Swo0=&xsec_source=pc_search|æ—…å±…äº¤æ˜“å‘˜YC - å°çº¢ä¹¦,,,
2025-11-02 22:57:17|https://www.xiaohongshu.com/explore/68ed93d70000000004011518?xsec_token=ABMYWEJBMN-EMpbypmcLJog6Zmew7_zozxVVh_GbayQ-M=&xsec_source=pc_user|300â¡ï¸20wç¾é‡‘ï½œç¾è‚¡æŠ•èµ„é”¦æ ‡èµ›ğŸ†ç¬¬10å‘¨ - å°çº¢ä¹¦,,,
,,,
2025-11-02 22:59:22|https://www.xiaohongshu.com/user/profile/636c441c000000001f0186b7?xsec_token=ABsLJEha42GjgymISclCxR7mOpK9xvaOAhjuA8di8Swo0=&xsec_source=pc_search|å°çº¢ä¹¦ - ä½ çš„ç”Ÿæ´»å…´è¶£ç¤¾åŒº,,,
2025-11-02 22:59:22|https://www.xiaohongshu.com/search_result?keyword=%25E9%2593%259C%25E4%25BB%25B7%25E8%25B5%25B0%25E5%258A%25BF%25E6%259C%2580%25E6%2596%25B0&source=unknown|é“œä»·èµ°åŠ¿æœ€æ–° - å°çº¢ä¹¦æœç´¢,,,
2025-11-02 22:59:54|https://www.xiaohongshu.com/search_result?keyword=%25E9%2593%259C%25E4%25BB%25B7%25E8%25B5%25B0%25E5%258A%25BF%25E6%259C%2580%25E6%2596%25B0&source=unknown|é“œä»·èµ°åŠ¿æœ€æ–° - å°çº¢ä¹¦æœç´¢,,,
2025-11-02 22:59:54|https://www.xiaohongshu.com/search_result?keyword=A%25E8%2582%25A1&source=unknown|Aè‚¡ - å°çº¢ä¹¦æœç´¢,,,
2025-11-02 22:59:59|https://www.xiaohongshu.com/explore/684bad6b000000000c03ab7d?xsec_token=AB8RPQqnNdg9AzSVdxuNvJXSeqZlV_31wTddR9OpotBsI=&xsec_source=pc_search&source=unknown|å…¨ç½‘é¦–ä¸ªAè‚¡å¼€æºAgentç³»ç»Ÿï¼ˆå®Œå…¨å…è´¹ï¼‰ - å°çº¢ä¹¦,,,
2025-11-02 23:00:24|https://www.xiaohongshu.com/search_result?keyword=A%25E8%2582%25A1&source=unknown|Aè‚¡ - å°çº¢ä¹¦æœç´¢,,,
,,,
2025-11-02 23:00:27|https://www.xiaohongshu.com/search_result?keyword=A%25E8%2582%25A1%25E6%2595%25B0%25E6%258D%25AE&source=unknown|Aè‚¡æ•°æ® - å°çº¢ä¹¦æœç´¢,,,
2025-11-02 23:00:35|https://www.xiaohongshu.com/explore/6899a14a000000002303707f?xsec_token=ABiwrDeK9OABq9LA-EMPGYaMQo23mMsh61aUdZ7K6UJd0=&xsec_source=pc_search&source=unknown|æœ€å¼ºAè‚¡æ•°æ®æºï¼ - å°çº¢ä¹¦,,,
2025-11-02 23:00:55|https://tushare.pro/document/1?doc_id=360|Tushareæ•°æ®,,,
2025-11-02 23:01:01|https://tushare.pro/|Tushareæ•°æ®,,,
2025-11-02 23:01:22|https://www.xiaohongshu.com/search_result?keyword=%25E5%2587%25BA%25E6%25B5%25B7%25E5%2588%259B%25E4%25B8%259A&source=unknown|æ–‡åŒ–å‡ºæµ· - å°çº¢ä¹¦æœç´¢,,,
2025-11-02 23:01:52|https://weekend.sightx.top/pages/community-highlights-3rd.html|,,,
2025-11-02 23:01:52|https://weekend.sightx.top/pages/community-highlights-3rd|ç¤¾ç¾¤çº¿ä¸Šäº¤æµäº®ç‚¹-ç¬¬ä¸‰æœŸå¯åŠ¨ä¼šï½œä¸€å—é’±å‘¨æœ«æŒ‘æˆ˜,,,
2025-11-02 23:01:55|https://weekend.sightx.top/pages/weekend_challenge_flow.html|,,,
2025-11-02 23:01:55|https://weekend.sightx.top/pages/weekend_challenge_flow|ç¬¬ä¸€æœŸï½œä¸€å—é’±å‘¨æœ«æŒ‘æˆ˜ â€”â€” æ´»åŠ¨æµç¨‹è¯´æ˜,,,
,,,
2025-11-02 23:06:17|https://x.com/oran_ge|Orange AI (@oran_ge) / X,,,
2025-11-02 23:06:17|https://x.com/search?q=%E7%BC%96%E7%A8%8B%E5%86%9C%E5%9C%BA&src=typed_query|ç¼–ç¨‹å†œåœº - Search / X,,,
,,,
,,,
,,,
,,,
,,,
2025-11-02 23:06:46|https://x.com/search?q=The%20Farmer%20Was%20Replaced&src=typed_query&f=live|The Farmer Was Replaced - Search / X,,,
2025-11-02 23:06:50|https://x.com/search?q=The%20Farmer%20Was%20Replaced&src=typed_query|The Farmer Was Replaced - Search / X,,,
2025-11-02 23:06:57|https://x.com/kantallive/status/1977796303892439135|kantal on X: "NEVER GIVE UP ON YOUR DREAMS! I'm not the creator of the game - just an indie enthusiast passing by - but when I saw the chart for Farmer Was Replaced, I was shocked. For almost two years, this game went largely unnoticed, played only by a small audience of programming game https://t.co/pQq1o7i41b" / X
2025-11-02 23:07:15|https://www.google.com/search?client=safari&rls=en&q=Timon+Herzog&ie=UTF-8&oe=UTF-8|,,,
2025-11-02 23:07:15|https://www.google.com/search?client=safari&rls=en&q=Timon+Herzog&ie=UTF-8&oe=UTF-8|Timon Herzog - Google Search,,,
2025-11-02 23:07:15|https://www.google.com/search?client=safari&rls=en&q=Timon+Herzog&ie=UTF-8&oe=UTF-8|Timon Herzog - Google Search,,,
2025-11-02 23:07:20|https://thinkygames.com/studios/timon-herzog/|Thinky games by Timon Herzog Â· Thinky Games,,,
2025-11-02 23:07:23|https://thinkygames.com/studios/timon-herzog/|Timon Herzog çš„ Thinky Games Â· Thinky Games --- Thinky games by Timon Herzog Â· Thinky Games,,,
2025-11-02 23:07:51|https://www.xiaohongshu.com/search_result?keyword=%25E5%2587%25BA%25E6%25B5%25B7%25E5%2588%259B%25E4%25B8%259A&source=unknown|æ–‡åŒ–å‡ºæµ· - å°çº¢ä¹¦æœç´¢,,,
2025-11-02 23:07:51|https://www.xiaohongshu.com/search_result?keyword=%25E9%2582%2593%25E6%2596%2587%25E8%25BF%25AA&source=unknown|é‚“æ–‡è¿ª - å°çº¢ä¹¦æœç´¢,,,
2025-11-02 23:07:56|https://www.xiaohongshu.com/explore/67da704a000000000d0153d2?xsec_token=AB0taBJOexwn7lUm8JmnKDxfPpa4h150O7IWQkmKrK83Y=&xsec_source=pc_search&source=unknown|ä½ è¿˜ä¸çŸ¥é“é‚“æ–‡è¿ªä¸ºä»€ä¹ˆèƒ½é€†è¢­æˆåŠŸå— - å°çº¢ä¹¦,,,
,,,
2025-11-02 23:08:20|https://www.xiaohongshu.com/search_result?keyword=%25E9%2582%2593%25E6%2596%2587%25E8%25BF%25AA&source=unknown|é‚“æ–‡è¿ª - å°çº¢ä¹¦æœç´¢,,,
2025-11-02 23:08:20|https://www.xiaohongshu.com/search_result?keyword=%25E7%2594%25B2%25E9%25AA%25A8%25E6%2596%2587%25E8%2580%2581%25E6%259D%25BF%25E8%2580%2581%25E5%25A9%2586&source=unknown|ç”²éª¨æ–‡è€æ¿è€å©† - å°çº¢ä¹¦æœç´¢,,,
2025-11-02 23:08:23|https://www.xiaohongshu.com/explore/675b7834000000000700844b?xsec_token=ABMmRQbXjXRm0eIyyVsP8cMvSLSnq3BUdr4PwPeiOIA6w=&xsec_source=pc_search&source=unknown|ä¸–ç•Œäº¿ä¸‡å¯Œè±ª80å²çˆ±ä¸Š33å²åè£”â€¦ - å°çº¢ä¹¦,,,
2025-11-02 23:08:32|https://www.xiaohongshu.com/search_result?keyword=%25E7%2594%25B2%25E9%25AA%25A8%25E6%2596%2587%25E8%2580%2581%25E6%259D%25BF%25E8%2580%2581%25E5%25A9%2586&source=unknown|ç”²éª¨æ–‡è€æ¿è€å©† - å°çº¢ä¹¦æœç´¢,,,
2025-11-02 23:08:35|https://www.xiaohongshu.com/explore/68c25202000000001c006f26?xsec_token=ABojSq4qV7957bCcINsRhoT_DKDKIqGwRfholfoQKMfyk=&xsec_source=pc_search&source=unknown|ç”²éª¨æ–‡åŸƒé‡Œæ£®å¦»å­æœ±å¯äºº:1991çš„å«ç»™1944å¹´ - å°çº¢ä¹¦,,,
2025-11-02 23:08:40|https://www.xiaohongshu.com/search_result?keyword=%25E7%2594%25B2%25E9%25AA%25A8%25E6%2596%2587%25E8%2580%2581%25E6%259D%25BF%25E8%2580%2581%25E5%25A9%2586&source=unknown|ç”²éª¨æ–‡è€æ¿è€å©† - å°çº¢ä¹¦æœç´¢,,,
2025-11-02 23:08:43|https://www.xiaohongshu.com/search_result?keyword=%25E7%2594%25B2%25E9%25AA%25A8%25E6%2596%2587%25E8%2580%2581%25E6%259D%25BF%25E8%2580%2581%25E5%25A9%2586&source=unknown|ç”²éª¨æ–‡è€æ¿è€å©† - å°çº¢ä¹¦æœç´¢,,,
2025-11-02 23:08:43|https://www.xiaohongshu.com/search_result?keyword=Keren%2520Zhu&source=unknown|Keren Zhu - å°çº¢ä¹¦æœç´¢,,,
2025-11-02 23:08:50|https://www.xiaohongshu.com/explore/676be506000000000b017c07?xsec_token=ABpdt1l9On0q84G88e-tyDJYDUxeSPrwhqh_uX8rL31wI=&xsec_source=pc_search&source=unknown|é‚“æ–‡è¿ªå¼å¥³äººï¼Œç©¶ç«Ÿé å•¥ä¸Šä½ï¼Ÿ - å°çº¢ä¹¦,,,
2025-11-02 23:08:55|https://www.xiaohongshu.com/search_result?keyword=Keren%2520Zhu&source=unknown|Keren Zhu - å°çº¢ä¹¦æœç´¢,,,
2025-11-02 23:09:13|https://thinkygames.com/articles/|Articles Â· Thinky Games,,,
2025-11-02 23:09:13|https://thinkygames.com/articles/|æ–‡ç«  Â· æ€è€ƒæ¸¸æˆ --- Articles Â· Thinky Games,,,
2025-11-02 23:09:31|https://thinkygames.com/about/|About Â· Thinky Games,,,
2025-11-02 23:09:31|https://thinkygames.com/about/|å…³äº Â· Thinky Games --- About Â· Thinky Games,,,
2025-11-02 23:09:53|https://www.youtube.com/@JoePlaysPuzzleGames|Joe Plays Puzzle Games - YouTube,,,
2025-11-02 23:11:14|https://www.xiaohongshu.com/search_result?keyword=Keren%2520Zhu&source=unknown|Keren Zhu - å°çº¢ä¹¦æœç´¢,,,
2025-11-02 23:11:14|https://www.xiaohongshu.com/search_result?keyword=%25E4%25B8%2587%25E9%2587%258C%25E6%25B1%2587&source=unknown|ä¸‡é‡Œæ±‡ - å°çº¢ä¹¦æœç´¢,,,
,,,
,,,
2025-11-02 23:11:19|https://www.xiaohongshu.com/user/profile/5c233616000000000600347a?channel_type=web_search_result_notes&parent_page_channel_type=web_user_board&xsec_token=ABTHBLmQcpksXRXwBKEwhyN5F41HtUVNs8aJul_HOeVP0=&xsec_source=pc_search|ä¸‡é‡Œæ±‡ - å°çº¢ä¹¦,,,
2025-11-02 23:11:19|https://www.xiaohongshu.com/user/profile/5c233616000000000600347a?xsec_token=ABTHBLmQcpksXRXwBKEwhyN5F41HtUVNs8aJul_HOeVP0=&xsec_source=pc_search|ä¸‡é‡Œæ±‡ - å°çº¢ä¹¦,,,
2025-11-02 23:11:23|https://www.xiaohongshu.com/explore/69033db400000000030221ac?xsec_token=ABquKBOAr3cjPitlq46a25-A-qm3tFxx5hhSQH0p3Ko2I=&xsec_source=pc_user|90åå¥³ç”Ÿä¸ºçŒ«è£¸è¾ï¼ç”¨ä¸­å›½çŒ«ç ‚å¾æœè‹±å›½å¸‚åœº - å°çº¢ä¹¦,,,
2025-11-02 23:11:39|https://www.xiaohongshu.com/user/profile/5c233616000000000600347a?xsec_token=ABTHBLmQcpksXRXwBKEwhyN5F41HtUVNs8aJul_HOeVP0=&xsec_source=pc_search|ä¸‡é‡Œæ±‡ - å°çº¢ä¹¦,,,
2025-11-02 23:11:45|http://cococat.shop/|,,,
2025-11-02 23:11:45|https://cococat.shop/|Cococatâ€”â€”æ¯åªçŒ«éƒ½å€¼å¾—è¢«çˆ± --- Cococat - Every cat deserves love,,,
2025-11-02 23:12:04|https://cococat.shop/products/xu-cuihua-natural-cat-litter-unscented|Xu Cuihua Original Cassava Cat Litter (Unscented),,,
2025-11-02 23:12:10|https://cococat.shop/products/xu-cuihua-natural-cat-litter-unscented?variant=56058573783384|å¾ç¿ èŠ±åŸå‘³æœ¨è–¯çŒ«ç ‚ï¼ˆæ— é¦™å‹ï¼‰ --- Xu Cuihua Original Cassava Cat Litter (Unscented),,,
2025-11-02 23:12:18|https://shop.app/checkout/79624733016/cn/hWN4paLI9sfT8usetlYfhU9a/shop_pay_callback?_cs=3.AMPS&locale=en-GB&redirect_source=checkout_universal_redirect&token=eyJhbGciOiJIUzI1NiJ9.eyJpc3MiOiJnaWQ6XC9cL3Nob3BpZnlcL1Nob3BcLzc5NjI0NzMzMDE2IiwibmJmIjoxNzYyMDk2MzM2LCJzZXNzaW9uX3Rva2VuIjoiQUFFQjM0TVBXOTA3bGJNNHpSd01aTlEzVTMtdEhZWHRGa1lraFM0M2RjdFR0elVMY1VBcWtPOXBkRlFGVFBtdm1YRkxXdTJCN3QyZVBneGh1bnVQN0ZsbGFwMjM2RHFsaFFELXZsenFxM08zNzB5M09OcjByMENwZXhWek9MRmNldzVNYUlIaFFraHl6eHNFTWVsa2VjSGpYMC1fNl82ZlRvVVpSRmhjc2FVeVhUZXpkbmZCUDdTU2V3UlNaUFNlZlFVOUNrZ3B4OGVUa0dfSTJ5TG1oVmdWTXJLaEpRIiwiZXhwIjoxNzYyMTE3OTM2LCJsYW5kaW5nX3BhZ2UiOiJcLyJ9.xvpFy87IzIwV-wSWPUOo41bAqQQNNy_3U0Cao3SPV_0&tracking_unique=15fad1cd-0aa8-4caa-b7a7-a8a82496ff48&tracking_visit=3eab50ec-7042-4d73-a762-3927bd5054e7&ur_back_url=https%3A%2F%2Fcococat.shop%2Fcheckouts%2Fcn%2FhWN4paLI9sfT8usetlYfhU9a%2Fen-gb%3Fauto_redirect%3Dfalse%26edge_redirect%3Dtrue%26skip_shop_pay%3Dtrue&ur_verify=ADGm_jaKe0FcYXgYPCw-Deje-pY%3D|,,,
2025-11-02 23:12:19|https://cococat.shop/checkouts/cn/hWN4paLI9sfT8usetlYfhU9a/en-gb?auto_redirect=false&edge_redirect=true&skip_shop_pay=true|Checkout - CocoCat,,,
2025-11-02 23:12:20|https://cococat.shop/checkouts/cn/hWN4paLI9sfT8usetlYfhU9a/en-gb?auto_redirect=false&edge_redirect=true&skip_shop_pay=true|ç»“è´¦ - CocoCat --- Checkout - CocoCat,,,
2025-11-02 23:12:47|https://www.xiaohongshu.com/explore/69033db400000000030221ac?xsec_token=ABquKBOAr3cjPitlq46a25-A-qm3tFxx5hhSQH0p3Ko2I=&xsec_source=pc_user|90åå¥³ç”Ÿä¸ºçŒ«è£¸è¾ï¼ç”¨ä¸­å›½çŒ«ç ‚å¾æœè‹±å›½å¸‚åœº - å°çº¢ä¹¦,,,
,,,
,,,
2025-11-02 23:14:02|https://www.google.com/search?client=safari&rls=en&q=%E4%B8%87%E9%87%8C%E6%B1%87&ie=UTF-8&oe=UTF-8|ä¸‡é‡Œæ±‡ - Google Search,,,
2025-11-02 23:14:06|https://www.worldfirst.com.cn/|,,,
2025-11-02 23:14:06|https://www.worldfirst.com.cn/cn/|è·¨å¢ƒæ”¯ä»˜_è·¨å¢ƒæ”¶æ¬¾å¹³å°_è·¨å¢ƒç”µå•†æ”¶æ¬¾_è·¨å¢ƒç”µå•†æ”¯ä»˜å¹³å°-ä¸‡é‡Œæ±‡WorldFirst,,,
,,,
,,,
,,,
2025-11-02 23:14:57|https://www.worldfirst.com.cn/static/register/?utm_date=hp20250716-vcc|ä¸‡é‡Œæ±‡è´¦å·æ³¨å†Œ-ä¸‡é‡Œæ±‡WorldFirst,,,
2025-11-02 23:15:03|https://www.worldfirst.com.cn/static/developer-mkt/business-research-page?register=true&type=REGISTER&utm_date=hp20250716-vcc&wf_device_id=device_6bbc89f8-c129-4c20-92a3-5c540cb6e495|å¼€å‘è€…è´¦å·æ–°å®¢ç¦åˆ© | ä¸‡é‡Œæ±‡WorldFirst,,,
,,,
2025-11-02 23:15:03|https://www.worldfirst.com.cn/static/developer-mkt/business-research-page/?register=true&type=REGISTER&utm_date=hp20250716-vcc&wf_device_id=device_6bbc89f8-c129-4c20-92a3-5c540cb6e495|å¼€å‘è€…è´¦å·æ–°å®¢ç¦åˆ© | ä¸‡é‡Œæ±‡WorldFirst,,,
2025-11-02 23:16:05|https://www.antglobal.com/cn|,,,
2025-11-02 23:16:05|https://www.ant-intl.com/cn|,,,
2025-11-02 23:16:06|https://www.ant-intl.com/cn|èš‚èšå›½é™…ï¼šå…¨çƒæ•°å­—æ”¯ä»˜ä¸é‡‘èç§‘æŠ€è§£å†³æ–¹æ¡ˆ,,,
2025-11-02 23:16:30|https://www.xiaohongshu.com/user/profile/5c233616000000000600347a?xsec_token=ABTHBLmQcpksXRXwBKEwhyN5F41HtUVNs8aJul_HOeVP0=&xsec_source=pc_search|å°çº¢ä¹¦ - ä½ çš„ç”Ÿæ´»å…´è¶£ç¤¾åŒº,,,
,,,
2025-11-02 23:16:40|https://www.xiaohongshu.com/search_result?keyword=%25E5%25AE%25A0%25E7%2589%25A9%25E6%25AE%25A1%25E8%2591%25AC&source=unknown|å® ç‰©æ®¡è‘¬ - å°çº¢ä¹¦æœç´¢,,,
,,,
,,,
2025-11-02 23:16:56|https://www.xiaohongshu.com/user/profile/5c85d545000000001001d82d?channel_type=web_search_result_notes&parent_page_channel_type=web_user_board&xsec_token=AB-yTZNDIgNYvIlpAuUDBfLDd2j6hfWlEnxRoFpoe8CaA=&xsec_source=pc_search|æ²»æ„ˆç³»å® ç‰©çºªå¿µå“ - å°çº¢ä¹¦,,,
,,,
2025-11-02 23:17:15|https://www.xiaohongshu.com/user/profile/5c85d545000000001001d82d?xsec_token=AB-yTZNDIgNYvIlpAuUDBfLDd2j6hfWlEnxRoFpoe8CaA=&xsec_source=pc_search|æ²»æ„ˆç³»å® ç‰©çºªå¿µå“ - å°çº¢ä¹¦,,,
2025-11-02 23:17:17|https://www.xiaohongshu.com/explore/68e8df8d000000000302d728?xsec_token=ABBYN7Unnp68t4751cwpIqvzurRF8DYgRMNy5KRGnUfTI=&xsec_source=pc_search&source=unknown|å® ç‰©å–„ç»ˆåº—è½¬è®©æ˜¯å› ä¸ºâ€¦â€¦ - å°çº¢ä¹¦,,,
2025-11-02 23:17:28|https://www.xiaohongshu.com/search_result?keyword=%25E5%25AE%25A0%25E7%2589%25A9%25E6%25AE%25A1%25E8%2591%25AC&source=unknown|å® ç‰©æ®¡è‘¬ - å°çº¢ä¹¦æœç´¢,,,
,,,
2025-11-02 23:17:40|https://www.xiaohongshu.com/search_result?keyword=%25E5%25AE%25A0%25E7%2589%25A9%25E6%25AE%25A1%25E8%2591%25AC&source=unknown|å® ç‰©æ®¡è‘¬ - å°çº¢ä¹¦æœç´¢,,,
,,,
2025-11-02 23:17:47|https://www.xiaohongshu.com/search_result?keyword=%25E6%2595%25B0%25E5%25AD%2597%25E5%25AE%25A0%25E7%2589%25A9&source=unknown|æ•°å­—å® ç‰© - å°çº¢ä¹¦æœç´¢,,,
2025-11-02 23:17:53|https://www.xiaohongshu.com/explore/6736ccb5000000001a03713d?xsec_token=AB3SkuBP_DfaxReCEmjSBeeljeIkPbiLs1hQKvK17WCNI=&xsec_source=pc_search&source=unknown|ğŸ‰ Heyï¼Œæˆ‘æ˜¯Mochiï¼Œæœ€æ²»æ„ˆçš„æ•°å­—ä¼™ä¼´ï¼ğŸŒŸ - å°çº¢ä¹¦,,,
2025-11-02 23:17:59|https://www.xiaohongshu.com/search_result?keyword=%25E6%2595%25B0%25E5%25AD%2597%25E5%25AE%25A0%25E7%2589%25A9&source=unknown|æ•°å­—å® ç‰© - å°çº¢ä¹¦æœç´¢,,,
2025-11-02 23:18:07|https://www.xiaohongshu.com/search_result?keyword=%25E6%2595%25B0%25E5%25AD%2597%25E5%25AE%25A0%25E7%2589%25A9&source=unknown|æ•°å­—å® ç‰© - å°çº¢ä¹¦æœç´¢,,,
2025-11-02 23:18:07|https://www.xiaohongshu.com/search_result?keyword=%25E5%25AE%25A0%25E7%2589%25A9%25E5%2585%258B%25E9%259A%2586&source=unknown|å® ç‰©å…‹éš† - å°çº¢ä¹¦æœç´¢,,,
2025-11-02 23:18:14|https://www.xiaohongshu.com/search_result?keyword=%25E5%25AE%25A0%25E7%2589%25A9%25E5%2585%258B%25E9%259A%2586&source=unknown|å® ç‰©å…‹éš† - å°çº¢ä¹¦æœç´¢,,,
2025-11-02 23:18:14|https://www.xiaohongshu.com/search_result?keyword=%25E5%25AE%25A0%25E7%2589%25A9%25E6%2595%25B0%25E5%25AD%2597%25E5%2585%258B%25E9%259A%2586&source=unknown|å® ç‰©æ•°å­—å…‹éš† - å°çº¢ä¹¦æœç´¢,,,
2025-11-02 23:18:34|https://www.xiaohongshu.com/explore/6895a9e60000000023030796?xsec_token=ABx2rZO-H6xaGLPTSrSDCs_ll3JBCLz1g4wEFhbq4hSvY=&xsec_source=pc_search&source=unknown|å…ˆåˆ«å–·ï¼çœ‹äº†å® ç‰©å…‹éš†çš„é»‘æš—åï¼Œæˆ‘æ‰ç†è§£å®ƒ - å°çº¢ä¹¦,,,
2025-11-02 23:18:48|https://www.xiaohongshu.com/search_result?keyword=%25E5%25AE%25A0%25E7%2589%25A9%25E6%2595%25B0%25E5%25AD%2597%25E5%2585%258B%25E9%259A%2586&source=unknown|å® ç‰©æ•°å­—å…‹éš† - å°çº¢ä¹¦æœç´¢,,,
2025-11-02 23:18:57|https://www.xiaohongshu.com/search_result?keyword=%25E5%25AE%25A0%25E7%2589%25A9%25E6%2595%25B0%25E5%25AD%2597%25E5%2585%258B%25E9%259A%2586&source=unknown|å® ç‰©æ•°å­—å…‹éš† - å°çº¢ä¹¦æœç´¢,,,
2025-11-02 23:18:57|https://www.xiaohongshu.com/search_result?keyword=%25E5%25AE%25A0%25E7%2589%25A9%25E5%2585%258B%25E9%259A%2586&source=unknown|å® ç‰©å…‹éš† - å°çº¢ä¹¦æœç´¢,,,
2025-11-02 23:19:14|https://www.xiaohongshu.com/search_result?keyword=%25E5%25AE%25A0%25E7%2589%25A9%25E5%2585%258B%25E9%259A%2586&source=unknown|å® ç‰©å…‹éš† - å°çº¢ä¹¦æœç´¢,,,
2025-11-02 23:19:14|https://www.xiaohongshu.com/search_result?keyword=%25E6%2595%25B0%25E5%25AD%2597%25E5%2585%258B%25E9%259A%2586&source=unknown|æ•°å­—å…‹éš† - å°çº¢ä¹¦æœç´¢,,,
2025-11-02 23:19:34|https://www.xiaohongshu.com/explore/67f90ed2000000001c002f90?xsec_token=ABuh17t2N9zWqRhZhw5LirTT7efgQDd5ovcMaMMIQMA1A=&xsec_source=pc_search&source=unknown|ç°åœ¨çœ‹åˆ°è¶Šæ¥è¶Šå¤šäººåˆ¶ä½œè‡ªå·±çš„æ•°å­—äººåˆ†èº«ï¼Œä½†é€šå¸¸ç¼ºä¹ä¸ªäººç‰¹è‰²ï¼Œæ— æ³•æ¨¡ä»¿æˆ‘ä»¬çš„æ—¥å¸¸å¯¹è¯é£æ ¼ã€‚ ä»Šå¤©åœ¨Â GitHubÂ ä¸Šçœ‹åˆ°ä¸€ä¸ªå¼€æºè§£å†³æ–¹æ¡ˆï¼šWeCloneï¼ŒåŸºäºè‡ªå·±å¾®ä¿¡èŠå¤©è®°å½•è¿›è¡Œå¾®è°ƒå¤§æ¨¡å‹ã€‚ å¾®ä¿¡ä½œä¸ºæˆ‘ä»¬æ—¥å¸¸çš„èŠå¤©å·¥å…·ï¼Œé‡Œé¢åŒ…å«äº†å¤§é‡çš„èŠå¤©è®°å½•ï¼Œé€šè¿‡å¯¼å‡ºè¿™äº›æ•°æ®è¿›è¡Œå¾®è°ƒå¤§æ¨¡å‹ï¼Œä»¥å®ç°å…‹éš†è‡ªå·±çš„èŠå¤©é£æ ¼æ•°å­—äººã€‚ æ­¤å¤–ï¼Œè¯¥å·¥å…·è¿˜æ”¯æŒä½¿ç”¨å¾®ä¿¡è¯­éŸ³æ¶ˆæ¯Â +Â Spark-TTSÂ æ¨¡å‹ï¼Œå®ç°é«˜è´¨é‡çš„å£°éŸ³å…‹éš†æ•ˆæœã€‚ åŒæ—¶æ”¯æŒç»‘å®šåˆ°å¾®ä¿¡æœºå™¨äººï¼Œå¯è¿‡æ»¤æ•æ„Ÿä¿¡æ¯ï¼Œä»£æ›¿ä½ ä¸æœ‹å‹è¿›è¡Œæ—¥å¸¸èŠå¤©ã€‚ é¡¹ç›®æä¾›äº†è¯¦ç»†çš„éƒ¨ç½²ä½¿ç”¨æ•™ç¨‹ï¼Œæ„Ÿå…´è¶£çš„å¼€å‘è€…å¯ä»¥çœ‹ä¸‹ã€‚ ï»¿#githubå¼€æºï»¿ ï»¿#æ•°å­—äººåˆ†èº«ï»¿ ï»¿#å¼€æºå·¥å…·ï»¿ ï»¿#æ•°å­—äººå¯¹è¯é£æ ¼ï»¿ ï»¿#å¾®ä¿¡èŠå¤©è®°å½•å¯¹è¯é£æ ¼ï»¿ - å°çº¢ä¹¦,,,
2025-11-02 23:19:44|https://www.xiaohongshu.com/search_result?keyword=%25E6%2595%25B0%25E5%25AD%2597%25E5%2585%258B%25E9%259A%2586&source=unknown|æ•°å­—å…‹éš† - å°çº¢ä¹¦æœç´¢,,,
2025-11-02 23:19:55|https://x.com/home|Home / X,,,
2025-11-02 23:19:57|https://x.com/IAmAaronWill/status/1984954078791672268|Aaron on X: "If you have less than 10k followers. Use this tweet to make friends and connections. Drop your: â€¢ Name â€¢ Handle â€¢ Reason for being here And start interacting with others. I posted my details on a post like this when I first started and my account and connections rocketed." / X,,,
2025-11-02 23:20:19|https://x.com/IAmAaronWill|Aaron (@IAmAaronWill) / X,,,
2025-11-02 23:20:35|https://t.co/jy9ugzldkR|http://aaronwill.com,,,
2025-11-02 23:20:37|http://aaronwill.com/|,,,
2025-11-02 23:20:37|https://aaronwill.com/|äºšä¼¦Â·å¨å°” --- Aaron Will,,,
2025-11-02 23:21:31|https://t.co/jy9ugzldkR|http://aaronwill.com,,,
2025-11-02 23:21:32|http://aaronwill.com/|,,,
2025-11-02 23:21:32|https://aaronwill.com/|Aaron Will,,,
2025-11-02 23:22:57|https://openai.com/zh-Hans-CN/|OpenAI,,,
2025-11-02 23:22:58|https://openai.com/zh-Hans-CN/|OpenAI,,,
,,,
,,,
2025-11-02 23:23:14|https://chatgpt.com/zh-Hans-CN/overview?openaicom-did=e110bd7b-f642-467f-95d6-18c25c968844&openaicom_referred=true|ChatGPT | ç”¨äºæ¢ç´¢ã€å­¦ä¹ å’Œåˆ›é€ çš„ AI èŠå¤©æœºå™¨äºº,,,
2025-11-02 23:23:15|https://chatgpt.com/zh-Hans-CN/overview?openaicom_referred=true|ChatGPT | ç”¨äºæ¢ç´¢ã€å­¦ä¹ å’Œåˆ›é€ çš„ AI èŠå¤©æœºå™¨äºº,,,
,,,
,,,
2025-11-02 23:23:16|https://chatgpt.com/zh-Hans-CN/download|ä¸‹è½½ ChatGPT,,,
2025-11-02 23:24:29|https://weekend.sightx.top/pages/retrospectives.html|,,,
2025-11-02 23:24:29|https://weekend.sightx.top/pages/retrospectives|å¾€æœŸæ€»ç»“ç›®å½•ï½œä¸€å—é’±å‘¨æœ«æŒ‘æˆ˜,,,
2025-11-02 23:24:37|https://weekend.sightx.top/pages/weekend-challenge-01-retrospective.html|,,,
2025-11-02 23:24:37|https://weekend.sightx.top/pages/weekend-challenge-01-retrospective|ä¸€å—é’±å‘¨æœ«æŒ‘æˆ˜Â·ç¬¬ä¸€æœŸæ€»ç»“ä¸è¡¨å½°,,,
2025-11-02 23:24:47|https://liufanglvshituandui.netlify.app/|åˆçº¦æŠ¤èˆª - æ–°åª’ä½“åˆåŒæ™ºèƒ½å®¡æ ¸æŠ¥ä»·ç³»ç»Ÿ,,,
2025-11-02 23:26:46|https://weekend.sightx.top/pages/weekend-challenge-02-retrospective.html|,,,
2025-11-02 23:26:46|https://weekend.sightx.top/pages/weekend-challenge-02-retrospective|ä¸€å—é’±å‘¨æœ«æŒ‘æˆ˜Â·ç¬¬äºŒæœŸæ€»ç»“ä¸å¤ç›˜,,,
2025-11-02 23:28:53|https://weekend.sightx.top/pages/announcement.html|,,,
2025-11-02 23:28:53|https://weekend.sightx.top/pages/announcement|ä¸€å—é’±å‘¨æœ«æŒ‘æˆ˜ç¤¾ç¾¤å…¬å‘Šï½œä»é›¶åˆ°ç¬¬ä¸€å—é’±çš„ç¤¾ç¾¤å¯¼èˆª,,,
2025-11-02 23:29:13|https://creator.xiaohongshu.com/?source=official|å°çº¢ä¹¦åˆ›ä½œæœåŠ¡å¹³å°,,,
,,,
,,,
,,,
,,,
,,,
,,,
,,,
2025-11-02 23:30:06|https://creator.xiaohongshu.com/new/note-manager|å°çº¢ä¹¦åˆ›ä½œæœåŠ¡å¹³å°,,,
2025-11-02 23:31:23|https://www.xiaohongshu.com/search_result?keyword=%25E6%2595%25B0%25E5%25AD%2597%25E5%2585%258B%25E9%259A%2586&source=unknown|æ•°å­—å…‹éš† - å°çº¢ä¹¦æœç´¢,,,
2025-11-02 23:31:23|https://www.xiaohongshu.com/search_result?keyword=%25E4%25BD%25A0%25E5%25AE%25B6%25E7%259A%2584%25E8%25BD%25A6%25E6%2598%25AF%25E4%25BD%25A0%25E5%25B9%25B4%25E8%2596%25AA%25E7%259A%2584%25E5%2587%25A0%25E5%2580%258D&source=unknown|ä½ å®¶çš„è½¦æ˜¯ä½ å¹´è–ªçš„å‡ å€ - å°çº¢ä¹¦æœç´¢,,,
,,,
2025-11-02 23:31:35|https://www.xiaohongshu.com/search_result?keyword=%25E4%25BD%25A0%25E5%25AE%25B6%25E7%259A%2584%25E8%25BD%25A6%25E6%2598%25AF%25E4%25BD%25A0%25E6%259C%2588%25E8%2596%25AA%25E7%259A%2584%25E5%2587%25A0%25E5%2580%258D&source=unknown|ä½ å®¶çš„è½¦æ˜¯ä½ æœˆè–ªçš„å‡ å€ - å°çº¢ä¹¦æœç´¢,,,
,,,
2025-11-02 23:32:58|https://www.xiaohongshu.com/search_result?keyword=%25E8%2581%259A%25E5%2585%2589%25E4%25BA%25BA%25E7%25BE%25A4%25E5%258C%2585&source=unknown|èšå…‰äººç¾¤åŒ… - å°çº¢ä¹¦æœç´¢,,,
2025-11-02 23:33:05|https://www.xiaohongshu.com/explore/678629d6000000000b0173ce?xsec_token=ABwhQi0WnjaJMvlf-i7jwynIz7NBQSgTOwuqZO7cvzXug=&xsec_source=pc_search&source=unknown|èšå…‰DMPäººç¾¤åŒ…ä¿å§†çº§å–‚é¥­æ•™ç¨‹ï¼Œæƒ³ä¸ä¼šéƒ½éš¾ - å°çº¢ä¹¦,,,
2025-11-02 23:34:31|https://www.xiaohongshu.com/search_result?keyword=%25E8%2581%259A%25E5%2585%2589%25E4%25BA%25BA%25E7%25BE%25A4%25E5%258C%2585&source=unknown|èšå…‰äººç¾¤åŒ… - å°çº¢ä¹¦æœç´¢,,,
,,,
,,,
,,,
2025-11-02 23:36:00|https://creator.xiaohongshu.com/creator/fans|å°çº¢ä¹¦åˆ›ä½œæœåŠ¡å¹³å°,,,
2025-11-02 23:36:37|https://www.xiaohongshu.com/search_result?keyword=%25E8%2581%259A%25E5%2585%2589%25E4%25BA%25BA%25E7%25BE%25A4%25E5%258C%2585&source=unknown|èšå…‰äººç¾¤åŒ… - å°çº¢ä¹¦æœç´¢,,,
2025-11-02 23:36:37|https://www.xiaohongshu.com/user/profile/6096c6cc0000000001007bb2|å¤§ç†Šæ€è€ƒ - å°çº¢ä¹¦,,,
,,,
2025-11-02 23:37:44|https://www.xiaohongshu.com/search_result?keyword=%25E5%25B0%258F%25E7%25BA%25A2%25E4%25B9%25A6%25E8%2599%259A%25E6%258B%259F%25E5%2595%2586%25E5%2593%2581%25E7%25B1%25BB%25E7%259B%25AE&source=unknown|å°çº¢ä¹¦è™šæ‹Ÿå•†å“ç±»ç›® - å°çº¢ä¹¦æœç´¢,,,
,,,
2025-11-02 23:38:57|https://www.xiaohongshu.com/user/profile/6096c6cc0000000001007bb2|å¤§ç†Šæ€è€ƒ - å°çº¢ä¹¦,,,
2025-11-02 23:38:57|https://www.xiaohongshu.com/search_result?keyword=%25E9%25B2%25B8%25E5%25A5%2587%25E7%25A7%2591%25E5%2588%259B&source=unknown|é²¸å¥‡ç§‘åˆ› - å°çº¢ä¹¦æœç´¢,,,
2025-11-02 23:39:00|https://www.xiaohongshu.com/user/profile/61be0a170000000010008749?channel_type=web_search_result_notes&parent_page_channel_type=web_user_board&xsec_token=AB1-OzxemF4Lc29SxpfRXBj9uT11QTtKnxs9XllG0xVQ8=&xsec_source=pc_search|é²¸å¥‡åˆ›æƒ³å®¶STEAM - å°çº¢ä¹¦,,,
,,,
,,,
,,,
,,,
2025-11-02 23:41:02|https://www.xiaohongshu.com/search_result?keyword=%25E9%25B2%25B8%25E5%25A5%2587%25E7%25A7%2591%25E5%2588%259B&source=unknown|é²¸å¥‡ç§‘åˆ› - å°çº¢ä¹¦æœç´¢,,,
,,,
2025-11-02 23:46:38|https://www.xiaohongshu.com/user/profile/6096c6cc0000000001007bb2|å¤§ç†Šæ€è€ƒ - å°çº¢ä¹¦,,,
2025-11-02 23:46:38|https://www.xiaohongshu.com/search_result?keyword=%25E8%25A1%258C%25E8%25B5%25B0%25E7%259A%2584%25E6%25A0%25A1%25E9%2595%25BF&source=unknown|è¡Œèµ°çš„æ ¡é•¿ - å°çº¢ä¹¦æœç´¢,,,
2025-11-02 23:46:41|https://www.xiaohongshu.com/user/profile/5ea5a98c000000000100a54c?channel_type=web_search_result_notes&parent_page_channel_type=web_user_board&xsec_token=ABjrVPHeM1ND97X_pzvoy6nK7jlmLHVav51chh35BW1Og=&xsec_source=pc_search|è¡Œèµ°çš„æ ¡é•¿ - å°çº¢ä¹¦,,,
,,,
,,,
,,,
,,,
,,,
,,,
2025-11-02 23:46:50|https://www.xiaohongshu.com/user/profile/60e6d418000000000101fc0e?channel_type=web_search_result_notes&parent_page_channel_type=web_user_board&xsec_token=ABEDANvQmTfvIFWXcI3KC-1JvH7X0O7p7SSd-VMQbGW3Q=&xsec_source=pc_search|è¡Œèµ°çš„æ ¡é•¿&ç‹æµ·é¾™ - å°çº¢ä¹¦,,,
2025-11-02 23:46:50|https://www.xiaohongshu.com/user/profile/60e6d418000000000101fc0e?xsec_token=ABEDANvQmTfvIFWXcI3KC-1JvH7X0O7p7SSd-VMQbGW3Q=&xsec_source=pc_search|è¡Œèµ°çš„æ ¡é•¿&ç‹æµ·é¾™ - å°çº¢ä¹¦,,,
,,,
,,,
,,,
,,,
,,,
,,,
,,,
2025-11-02 23:50:49|https://www.google.com/search?client=safari&rls=en&q=%E7%88%B1%E5%A5%87%E8%89%BA+%E5%B0%8F%E9%B9%BF&ie=UTF-8&oe=UTF-8|çˆ±å¥‡è‰º å°é¹¿ - Google Search,,,
,,,
2025-11-02 23:51:08|https://chatgpt.com/|ChatGPT,,,
2025-11-02 23:51:10|https://grok.com/|Grok,,,
2025-11-02 23:51:11|https://shimo.im/docs/R13jda94x8FjpDk5|åšå“ª20ä»¶äº‹æ‰èƒ½è®©æˆ‘çš„æ”¶å…¥åœ¨ä¸€å¹´å†…ç¿»å€ï¼Ÿ,,,
2025-11-02 23:51:12|https://grok.com/|Grok,,,
